timestamp,ldr_id,value,status,is_flickering
2024-11-17 15:36:12,1,2096,ON,False
2024-11-17 15:36:12,2,1771,ON,False
2024-11-17 15:36:17,1,2063,ON,False
2024-11-17 15:36:17,2,1737,ON,False
2024-11-17 15:36:22,1,2089,ON,False
2024-11-17 15:36:22,2,1762,ON,False
2024-11-17 15:36:27,1,490,OFF,False
2024-11-17 15:36:27,2,1745,ON,False
2024-11-17 15:36:33,1,454,OFF,False
2024-11-17 15:36:33,2,1739,ON,False
2024-11-17 15:36:38,1,448,OFF,False
2024-11-17 15:36:38,2,1738,ON,False
2024-11-17 15:36:43,1,496,OFF,False
2024-11-17 15:36:43,2,1744,ON,False
2024-11-17 15:36:48,1,2114,ON,False
2024-11-17 15:36:48,2,1776,ON,False
2024-11-17 15:36:53,1,2093,ON,False
2024-11-17 15:36:53,2,1761,ON,False
2024-11-17 15:36:58,1,2094,ON,False
2024-11-17 15:36:58,2,1744,ON,False
2024-11-17 15:37:03,1,2080,ON,False
2024-11-17 15:37:03,2,1735,ON,False
2024-11-17 15:37:08,1,2087,ON,False
2024-11-17 15:37:08,2,1741,ON,False
2024-11-17 15:37:13,1,2081,ON,False
2024-11-17 15:37:13,2,1743,ON,False
2024-11-17 15:37:18,1,2096,ON,False
2024-11-17 15:37:18,2,1721,ON,False
2024-11-17 15:37:23,1,2097,ON,False
2024-11-17 15:37:23,2,1731,ON,False
2024-11-17 15:37:28,1,2080,ON,False
2024-11-17 15:37:28,2,1714,ON,False
2024-11-17 15:38:07,1,2076,ON,False
2024-11-17 15:38:07,2,1718,ON,False
2024-11-17 15:39:07,1,2103,ON,False
2024-11-17 15:39:07,2,1744,ON,False
2024-11-17 15:40:07,1,371,OFF,False
2024-11-17 15:40:07,2,1698,ON,False
2024-11-17 15:40:18,1,384,OFF,False
2024-11-17 15:40:18,2,1706,ON,False
2024-11-17 15:40:20,1,384,OFF,False
2024-11-17 15:40:20,2,1702,ON,False
2024-11-17 15:40:25,1,399,OFF,False
2024-11-17 15:40:25,2,1699,ON,False
2024-11-17 15:40:31,1,423,OFF,False
2024-11-17 15:40:31,2,1725,ON,False
2024-11-17 15:40:36,1,425,OFF,False
2024-11-17 15:40:36,2,1727,ON,False
2024-11-17 15:40:41,1,387,OFF,False
2024-11-17 15:40:41,2,1708,ON,False
2024-11-17 15:40:46,1,374,OFF,False
2024-11-17 15:40:46,2,1707,ON,False
2024-11-17 15:40:51,1,414,OFF,False
2024-11-17 15:40:51,2,1714,ON,False
2024-11-17 15:40:56,1,407,OFF,False
2024-11-17 15:40:56,2,1728,ON,False
2024-11-17 15:41:01,1,2113,ON,False
2024-11-17 15:41:01,2,1744,ON,False
2024-11-17 17:27:38,1,307,OFF,False
2024-11-17 17:27:38,2,238,OFF,False
2024-11-17 17:27:43,1,318,OFF,False
2024-11-17 17:27:43,2,225,OFF,False
2024-11-17 17:27:48,1,292,OFF,False
2024-11-17 17:27:48,2,216,OFF,False
2024-11-17 17:27:49,1,292,OFF,False
2024-11-17 17:27:49,2,216,OFF,False
2024-11-17 17:27:55,1,285,OFF,False
2024-11-17 17:27:55,2,196,OFF,False
2024-11-17 17:28:00,1,283,OFF,False
2024-11-17 17:28:00,2,208,OFF,False
2024-11-17 17:28:05,1,304,OFF,False
2024-11-17 17:28:05,2,211,OFF,False
2024-11-17 17:28:10,1,2198,ON,False
2024-11-17 17:28:10,2,1808,ON,False
2024-11-17 17:28:15,1,2138,ON,False
2024-11-17 17:28:15,2,1776,ON,False
2024-11-17 17:28:20,1,2129,ON,False
2024-11-17 17:28:20,2,1758,ON,False
2024-11-17 17:28:24,1,2151,ON,False
2024-11-17 17:28:24,2,1753,ON,False
2024-11-17 17:28:30,1,2160,ON,False
2024-11-17 17:28:30,2,1744,ON,False
2024-11-17 17:28:35,1,2128,ON,False
2024-11-17 17:28:35,2,1741,ON,False
2024-11-17 17:28:39,1,2157,ON,False
2024-11-17 17:28:39,2,1745,ON,False
2024-11-17 17:28:45,1,315,OFF,False
2024-11-17 17:28:45,2,1713,ON,False
2024-11-17 17:28:50,1,2171,ON,False
2024-11-17 17:28:50,2,1759,ON,False
2024-11-17 17:28:55,1,352,OFF,False
2024-11-17 17:28:55,2,1712,ON,False
2024-11-17 17:29:00,1,441,OFF,False
2024-11-17 17:29:00,2,1738,ON,False
2024-11-17 17:29:05,1,2160,ON,False
2024-11-17 17:29:05,2,1739,ON,False
2024-11-17 17:29:10,1,336,OFF,False
2024-11-17 17:29:10,2,1727,ON,False
2024-11-17 17:29:15,1,2206,ON,False
2024-11-17 17:29:15,2,1766,ON,False
2024-11-17 17:29:19,1,2193,ON,False
2024-11-17 17:29:19,2,1751,ON,False
2024-11-17 17:29:24,1,384,OFF,False
2024-11-17 17:29:24,2,1761,ON,False
2024-11-17 17:29:29,1,339,OFF,False
2024-11-17 17:29:29,2,1723,ON,False
2024-11-17 17:29:34,1,369,OFF,False
2024-11-17 17:29:34,2,1775,ON,False
2024-11-17 17:29:39,1,2154,ON,False
2024-11-17 17:29:39,2,1753,ON,False
2024-11-17 17:29:44,1,387,OFF,False
2024-11-17 17:29:44,2,1733,ON,False
2024-11-17 17:29:49,1,2175,ON,False
2024-11-17 17:29:49,2,1771,ON,False
2024-11-17 17:29:55,1,464,OFF,False
2024-11-17 17:29:55,2,1773,ON,False
2024-11-17 17:30:00,1,2159,ON,False
2024-11-17 17:30:00,2,1762,ON,False
2024-11-17 17:30:05,1,423,OFF,False
2024-11-17 17:30:05,2,1759,ON,False
2024-11-17 17:30:10,1,2027,ON,False
2024-11-17 17:30:10,2,1773,ON,False
2024-11-17 17:30:15,1,2205,ON,False
2024-11-17 17:30:15,2,1776,ON,False
2024-11-17 17:30:19,1,2205,ON,False
2024-11-17 17:30:19,2,1776,ON,False
2024-11-17 17:30:25,1,425,OFF,False
2024-11-17 17:30:25,2,1751,ON,False
2024-11-17 17:30:30,1,1195,ON,False
2024-11-17 17:30:30,2,1754,ON,False
2024-11-17 17:30:35,1,2112,ON,False
2024-11-17 17:30:35,2,1760,ON,False
2024-11-17 17:30:40,1,2112,ON,False
2024-11-17 17:30:40,2,1760,ON,False
2024-11-17 17:30:45,1,2112,ON,False
2024-11-17 17:30:45,2,1760,ON,False
2024-11-17 17:30:50,1,2098,ON,False
2024-11-17 17:30:50,2,1763,ON,False
2024-11-17 17:30:55,1,2103,ON,False
2024-11-17 17:30:55,2,1770,ON,False
2024-11-17 17:31:00,1,2094,ON,False
2024-11-17 17:31:00,2,1760,ON,False
2024-11-17 17:31:05,1,2046,ON,False
2024-11-17 17:31:05,2,1764,ON,False
2024-11-17 17:31:10,1,2102,ON,False
2024-11-17 17:31:10,2,1767,ON,False
2024-11-17 17:31:15,1,2123,ON,False
2024-11-17 17:31:15,2,1776,ON,False
2024-11-17 17:31:20,1,2090,ON,False
2024-11-17 17:31:20,2,1757,ON,False
2024-11-17 17:51:06,1,2128,ON,False
2024-11-17 17:51:06,2,1773,ON,False
2024-11-17 17:52:06,1,2109,ON,False
2024-11-17 17:52:06,2,1770,ON,False
2024-11-17 17:53:06,1,2081,ON,False
2024-11-17 17:53:06,2,1764,ON,False
2024-11-17 17:54:06,1,2109,ON,False
2024-11-17 17:54:06,2,1757,ON,False
2024-11-17 17:55:06,1,2107,ON,False
2024-11-17 17:55:06,2,1761,ON,False
2024-11-17 17:57:06,1,2112,ON,False
2024-11-17 17:57:06,2,1769,ON,False
2024-11-17 17:58:06,1,2102,ON,False
2024-11-17 17:58:06,2,1760,ON,False
2024-11-17 17:59:06,1,2096,ON,False
2024-11-17 17:59:06,2,1760,ON,False
2024-11-17 18:00:06,1,2126,ON,False
2024-11-17 18:00:06,2,1774,ON,False
2024-11-17 18:01:06,1,2128,ON,False
2024-11-17 18:01:06,2,1773,ON,False
2024-11-17 18:02:06,1,2088,ON,False
2024-11-17 18:02:06,2,1750,ON,False
2024-11-17 18:03:06,1,2122,ON,False
2024-11-17 18:03:06,2,1771,ON,False
2024-11-17 18:04:06,1,2119,ON,False
2024-11-17 18:04:06,2,1773,ON,False
2024-11-17 18:05:06,1,2122,ON,False
2024-11-17 18:05:06,2,1766,ON,False
2024-11-17 18:06:06,1,2128,ON,False
2024-11-17 18:06:06,2,1776,ON,False
2024-11-17 18:07:06,1,2086,ON,False
2024-11-17 18:07:06,2,1751,ON,False
2024-11-17 18:07:26,1,2121,ON,False
2024-11-17 18:07:26,2,1770,ON,False
2024-11-17 18:07:28,1,2126,ON,False
2024-11-17 18:07:28,2,1775,ON,False
2024-11-17 18:07:28,1,2126,ON,False
2024-11-17 18:07:28,2,1775,ON,False
2024-11-17 18:07:34,1,2129,ON,False
2024-11-17 18:07:34,2,1778,ON,False
2024-11-17 18:07:39,1,2096,ON,False
2024-11-17 18:07:39,2,1754,ON,False
2024-11-17 18:07:44,1,2137,ON,False
2024-11-17 18:07:44,2,1785,ON,False
2024-11-17 18:07:48,1,2121,ON,False
2024-11-17 18:07:48,2,1771,ON,False
2024-11-17 18:07:50,1,2128,ON,False
2024-11-17 18:07:50,2,1775,ON,False
2024-11-17 18:07:55,1,2113,ON,False
2024-11-17 18:07:55,2,1776,ON,False
2024-11-17 18:07:59,1,276,OFF,False
2024-11-17 18:07:59,2,1744,ON,False
2024-11-17 18:08:04,1,2094,ON,False
2024-11-17 18:08:04,2,1746,ON,False
2024-11-17 18:08:09,1,2127,ON,False
2024-11-17 18:08:09,2,1767,ON,False
2024-11-17 18:08:14,1,333,OFF,False
2024-11-17 18:08:14,2,1744,ON,False
2024-11-17 18:08:19,1,2137,ON,False
2024-11-17 18:08:19,2,1773,ON,False
2024-11-17 18:08:24,1,347,OFF,False
2024-11-17 18:08:24,2,1739,ON,False
2024-11-17 18:08:29,1,346,OFF,False
2024-11-17 18:08:29,2,1746,ON,False
2024-11-17 18:08:34,1,327,OFF,False
2024-11-17 18:08:34,2,1744,ON,False
2024-11-17 18:08:39,1,341,OFF,False
2024-11-17 18:08:39,2,1744,ON,False
2024-11-17 18:08:45,1,272,OFF,False
2024-11-17 18:08:45,2,1729,ON,False
2024-11-17 18:08:49,1,337,OFF,False
2024-11-17 18:08:49,2,1749,ON,False
2024-11-17 18:08:54,1,630,DIM,False
2024-11-17 18:08:54,2,1749,ON,False
2024-11-17 18:08:59,1,245,OFF,False
2024-11-17 18:08:59,2,1728,ON,False
2024-11-17 18:09:04,1,362,OFF,False
2024-11-17 18:09:04,2,1751,ON,False
2024-11-17 18:09:09,1,2137,ON,False
2024-11-17 18:09:09,2,1767,ON,False
2024-11-17 18:09:09,1,2137,ON,False
2024-11-17 18:09:09,2,1767,ON,False
2024-11-17 18:09:15,1,2137,ON,False
2024-11-17 18:09:15,2,1771,ON,False
2024-11-17 18:09:20,1,2144,ON,False
2024-11-17 18:09:20,2,1776,ON,False
2024-11-17 18:09:25,1,2128,ON,False
2024-11-17 18:09:25,2,1775,ON,False
2024-11-17 18:09:30,1,2125,ON,False
2024-11-17 18:09:30,2,1776,ON,False
2024-11-17 18:09:35,1,2126,ON,False
2024-11-17 18:09:35,2,1775,ON,False
2024-11-17 18:09:40,1,2125,ON,False
2024-11-17 18:09:40,2,1773,ON,False
2024-11-17 18:09:45,1,2128,ON,False
2024-11-17 18:09:45,2,1776,ON,False
2024-11-17 18:09:50,1,2128,ON,False
2024-11-17 18:09:50,2,1773,ON,False
2024-11-17 18:09:55,1,2128,ON,False
2024-11-17 18:09:55,2,1776,ON,False
2024-11-17 18:10:00,1,2091,ON,False
2024-11-17 18:10:00,2,1759,ON,False
2024-11-17 18:10:05,1,2055,ON,False
2024-11-17 18:10:05,2,1759,ON,False
2024-11-17 18:10:10,1,2071,ON,False
2024-11-17 18:10:10,2,1770,ON,False
2024-11-17 18:11:06,1,2110,ON,False
2024-11-17 18:11:06,2,1771,ON,False
2024-11-17 18:12:06,1,2112,ON,False
2024-11-17 18:12:06,2,1776,ON,False
2024-11-17 18:13:06,1,2070,ON,False
2024-11-17 18:13:06,2,1751,ON,False
2024-11-17 18:14:06,1,2115,ON,False
2024-11-17 18:14:06,2,1776,ON,False
2024-11-17 18:15:06,1,2160,ON,False
2024-11-17 18:15:06,2,1776,ON,False
2024-11-17 18:15:09,1,2183,ON,False
2024-11-17 18:15:09,2,1776,ON,False
2024-11-17 18:15:14,1,2166,ON,False
2024-11-17 18:15:14,2,1776,ON,False
2024-11-17 18:15:16,1,350,OFF,False
2024-11-17 18:15:16,2,1760,ON,False
2024-11-17 18:15:22,1,417,OFF,False
2024-11-17 18:15:22,2,1751,ON,False
2024-11-17 18:15:26,1,417,OFF,False
2024-11-17 18:15:26,2,1754,ON,False
2024-11-17 18:15:31,1,445,OFF,False
2024-11-17 18:15:31,2,1749,ON,False
2024-11-17 18:15:36,1,265,OFF,False
2024-11-17 18:15:36,2,1729,ON,False
2024-11-17 18:15:41,1,396,OFF,False
2024-11-17 18:15:41,2,1747,ON,False
2024-11-17 18:15:46,1,2158,ON,False
2024-11-17 18:15:46,2,1774,ON,False
2024-11-17 18:15:51,1,413,OFF,True
2024-11-17 18:15:51,2,1748,ON,False
2024-11-17 18:15:56,1,392,OFF,True
2024-11-17 18:15:56,2,1744,ON,False
2024-11-17 18:16:02,1,418,OFF,True
2024-11-17 18:16:02,2,1749,ON,False
2024-11-17 18:16:06,1,359,OFF,True
2024-11-17 18:16:06,2,1744,ON,False
2024-11-17 18:16:12,1,2099,ON,True
2024-11-17 18:16:12,2,1760,ON,False
2024-11-17 18:16:17,1,391,OFF,True
2024-11-17 18:16:17,2,1741,ON,False
2024-11-17 18:16:21,1,2181,ON,True
2024-11-17 18:16:21,2,1771,ON,False
2024-11-17 18:16:27,1,2130,ON,True
2024-11-17 18:16:27,2,1746,ON,False
2024-11-17 18:16:32,1,2152,ON,True
2024-11-17 18:16:32,2,1759,ON,False
2024-11-17 18:16:37,1,2162,ON,True
2024-11-17 18:16:37,2,1757,ON,False
2024-11-17 18:16:42,1,2151,ON,True
2024-11-17 18:16:42,2,1761,ON,False
2024-11-17 18:16:47,1,2123,ON,True
2024-11-17 18:16:47,2,1751,ON,False
2024-11-17 18:16:52,1,2114,ON,True
2024-11-17 18:16:52,2,1743,ON,False
2024-11-17 18:16:57,1,2113,ON,True
2024-11-17 18:16:57,2,1740,ON,False
2024-11-17 18:17:01,1,2128,ON,True
2024-11-17 18:17:01,2,1754,ON,False
2024-11-17 18:17:07,1,2153,ON,False
2024-11-17 18:17:07,2,1759,ON,False
2024-11-17 18:17:12,1,2113,ON,False
2024-11-17 18:17:12,2,1765,ON,False
2024-11-17 18:17:17,1,2149,ON,False
2024-11-17 18:17:17,2,1761,ON,False
2024-11-17 18:17:22,1,2143,ON,False
2024-11-17 18:17:22,2,1759,ON,False
2024-11-17 18:17:27,1,2167,ON,False
2024-11-17 18:17:27,2,1763,ON,False
2024-11-17 18:17:32,1,2147,ON,False
2024-11-17 18:17:32,2,1755,ON,False
2024-11-17 18:17:37,1,2147,ON,False
2024-11-17 18:17:37,2,1759,ON,False
2024-11-17 18:17:42,1,2153,ON,False
2024-11-17 18:17:42,2,1766,ON,False
2024-11-17 18:17:47,1,2165,ON,False
2024-11-17 18:17:47,2,1767,ON,False
2024-11-17 18:17:52,1,2161,ON,False
2024-11-17 18:17:52,2,1771,ON,False
2024-11-17 18:17:57,1,2129,ON,False
2024-11-17 18:17:57,2,1743,ON,False
2024-11-17 18:18:06,1,2118,ON,False
2024-11-17 18:18:06,2,1744,ON,False
2024-11-17 18:19:06,1,2151,ON,False
2024-11-17 18:19:06,2,1765,ON,False
2024-11-17 18:19:52,1,2151,ON,False
2024-11-17 18:19:52,2,1763,ON,False
2024-11-17 18:19:56,1,2153,ON,False
2024-11-17 18:19:56,2,1757,ON,False
2024-11-17 18:20:01,1,2151,ON,False
2024-11-17 18:20:01,2,1754,ON,False
2024-11-17 18:20:07,1,369,OFF,False
2024-11-17 18:20:07,2,1741,ON,False
2024-11-17 18:20:12,1,2160,ON,False
2024-11-17 18:20:12,2,1765,ON,False
2024-11-17 18:20:17,1,2170,ON,False
2024-11-17 18:20:17,2,1771,ON,False
2024-11-17 18:20:22,1,349,OFF,True
2024-11-17 18:20:22,2,1744,ON,False
2024-11-17 18:20:26,1,327,OFF,True
2024-11-17 18:20:26,2,1740,ON,False
2024-11-17 18:20:31,1,354,OFF,False
2024-11-17 18:20:31,2,1744,ON,False
2024-11-17 18:20:36,1,2160,ON,False
2024-11-17 18:20:36,2,1759,ON,False
2024-11-17 18:20:42,1,2161,ON,False
2024-11-17 18:20:42,2,1766,ON,False
2024-11-17 18:20:46,1,2158,ON,False
2024-11-17 18:20:46,2,1761,ON,False
2024-11-17 18:20:52,1,2147,ON,False
2024-11-17 18:20:52,2,1763,ON,False
2024-11-17 18:20:57,1,2158,ON,False
2024-11-17 18:20:57,2,1764,ON,False
2024-11-17 18:21:02,1,2145,ON,False
2024-11-17 18:21:02,2,1763,ON,False
2024-11-17 18:21:07,1,2152,ON,False
2024-11-17 18:21:07,2,1771,ON,False
2024-11-17 18:21:12,1,2151,ON,False
2024-11-17 18:21:12,2,1766,ON,False
2024-11-17 18:21:17,1,2128,ON,False
2024-11-17 18:21:17,2,1752,ON,False
2024-11-17 18:21:22,1,2164,ON,False
2024-11-17 18:21:22,2,1759,ON,False
2024-11-17 18:21:27,1,2168,ON,False
2024-11-17 18:21:27,2,1776,ON,False
2024-11-17 18:21:32,1,337,OFF,False
2024-11-17 18:21:32,2,1731,ON,False
2024-11-17 18:21:37,1,318,OFF,False
2024-11-17 18:21:37,2,1728,ON,False
2024-11-17 18:21:42,1,372,OFF,False
2024-11-17 18:21:42,2,1739,ON,False
2024-11-17 18:22:06,1,2163,ON,False
2024-11-17 18:22:06,2,1763,ON,False
2024-11-17 18:23:06,1,2131,ON,False
2024-11-17 18:23:06,2,1747,ON,False
2024-11-17 18:24:06,1,2159,ON,False
2024-11-17 18:24:06,2,1766,ON,False
2024-11-17 18:25:06,1,491,OFF,False
2024-11-17 18:25:06,2,1744,ON,False
2024-11-17 18:26:06,1,2192,ON,False
2024-11-17 18:26:06,2,1757,ON,False
2024-11-17 18:27:06,1,2175,ON,False
2024-11-17 18:27:06,2,1762,ON,False
2024-11-17 18:27:58,1,2126,ON,False
2024-11-17 18:27:58,2,1746,ON,False
2024-11-17 18:28:02,1,2134,ON,False
2024-11-17 18:28:02,2,1749,ON,False
2024-11-17 18:28:07,1,2132,ON,False
2024-11-17 18:28:07,2,1754,ON,False
2024-11-17 18:28:12,1,2160,ON,False
2024-11-17 18:28:12,2,1745,ON,False
2024-11-17 18:28:17,1,2131,ON,False
2024-11-17 18:28:17,2,1745,ON,False
2024-11-17 18:28:22,1,2131,ON,False
2024-11-17 18:28:22,2,1752,ON,False
2024-11-17 18:28:27,1,2141,ON,False
2024-11-17 18:28:27,2,1751,ON,False
2024-11-17 18:28:32,1,369,OFF,False
2024-11-17 18:28:32,2,1728,ON,False
2024-11-17 18:28:37,1,314,OFF,False
2024-11-17 18:28:37,2,1713,ON,False
2024-11-17 18:28:42,1,2111,ON,False
2024-11-17 18:28:42,2,1741,ON,False
2024-11-17 18:28:47,1,2116,ON,False
2024-11-17 18:28:47,2,1745,ON,False
2024-11-17 18:28:52,1,321,OFF,True
2024-11-17 18:28:52,2,1718,ON,False
2024-11-17 18:28:56,1,332,OFF,True
2024-11-17 18:28:56,2,1738,ON,False
2024-11-17 18:29:01,1,2128,ON,True
2024-11-17 18:29:01,2,1739,ON,False
2024-11-17 18:29:07,1,375,OFF,True
2024-11-17 18:29:07,2,1727,ON,False
2024-11-17 18:29:12,1,2084,ON,True
2024-11-17 18:29:12,2,1745,ON,False
2024-11-17 18:29:17,1,366,OFF,True
2024-11-17 18:29:17,2,1719,ON,False
2024-11-17 18:29:22,1,2128,ON,True
2024-11-17 18:29:22,2,1739,ON,False
2024-11-17 18:29:27,1,2124,ON,True
2024-11-17 18:29:27,2,1763,ON,False
2024-11-17 18:29:32,1,2131,ON,True
2024-11-17 18:29:32,2,1741,ON,False
2024-11-17 18:29:37,1,2134,ON,True
2024-11-17 18:29:37,2,1745,ON,False
2024-11-17 18:29:42,1,2143,ON,True
2024-11-17 18:29:42,2,1749,ON,False
2024-11-17 18:29:47,1,2122,ON,True
2024-11-17 18:29:47,2,1744,ON,False
2024-11-17 18:29:52,1,2094,ON,True
2024-11-17 18:29:52,2,1726,ON,False
2024-11-17 18:29:57,1,2128,ON,True
2024-11-17 18:29:57,2,1744,ON,False
2024-11-17 18:30:02,1,2105,ON,True
2024-11-17 18:30:02,2,1737,ON,False
2024-11-17 18:31:06,1,2133,ON,False
2024-11-17 18:31:06,2,1750,ON,False
2024-11-17 18:32:06,1,2128,ON,False
2024-11-17 18:32:06,2,1749,ON,False
2024-11-17 18:33:06,1,2135,ON,False
2024-11-17 18:33:06,2,1746,ON,False
2024-11-17 18:34:06,1,2107,ON,False
2024-11-17 18:34:06,2,1739,ON,False
2024-11-17 18:35:06,1,2129,ON,False
2024-11-17 18:35:06,2,1744,ON,False
2024-11-17 18:36:06,1,2130,ON,False
2024-11-17 18:36:06,2,1754,ON,False
2024-11-17 18:37:06,1,2128,ON,False
2024-11-17 18:37:06,2,1747,ON,False
2024-11-17 18:38:06,1,2110,ON,False
2024-11-17 18:38:06,2,1714,ON,False
2024-11-17 18:39:06,1,2114,ON,False
2024-11-17 18:39:06,2,1719,ON,False
2024-11-17 18:40:06,1,2108,ON,False
2024-11-17 18:40:06,2,1714,ON,False
2024-11-17 18:41:06,1,2106,ON,False
2024-11-17 18:41:06,2,1715,ON,False
2024-11-17 18:42:06,1,2107,ON,False
2024-11-17 18:42:06,2,1717,ON,False
2024-11-17 18:43:06,1,2107,ON,False
2024-11-17 18:43:06,2,1712,ON,False
2024-11-17 18:44:06,1,2110,ON,False
2024-11-17 18:44:06,2,1720,ON,False
2024-11-17 18:45:06,1,2109,ON,False
2024-11-17 18:45:06,2,1723,ON,False
2024-11-17 18:46:06,1,2128,ON,False
2024-11-17 18:46:06,2,1721,ON,False
2024-11-17 18:47:06,1,2079,ON,False
2024-11-17 18:47:06,2,1716,ON,False
2024-11-17 18:48:06,1,2134,ON,False
2024-11-17 18:48:06,2,1723,ON,False
2024-11-17 18:49:06,1,2139,ON,False
2024-11-17 18:49:06,2,1723,ON,False
2024-11-17 18:50:06,1,2128,ON,False
2024-11-17 18:50:06,2,1715,ON,False
2024-11-17 18:51:06,1,2131,ON,False
2024-11-17 18:51:06,2,1726,ON,False
2024-11-17 18:58:22,1,2129,ON,False
2024-11-17 18:58:22,2,1722,ON,False
2024-11-17 18:58:27,1,2128,ON,False
2024-11-17 18:58:27,2,1726,ON,False
2024-11-17 18:58:32,1,2135,ON,False
2024-11-17 18:58:32,2,1720,ON,False
2024-11-17 18:58:37,1,2123,ON,False
2024-11-17 18:58:37,2,1718,ON,False
2024-11-17 18:58:42,1,2139,ON,False
2024-11-17 18:58:42,2,1731,ON,False
2024-11-17 18:58:47,1,2125,ON,False
2024-11-17 18:58:47,2,1719,ON,False
2024-11-17 18:58:52,1,2114,ON,False
2024-11-17 18:58:52,2,1716,ON,False
2024-11-17 18:58:57,1,2135,ON,False
2024-11-17 18:58:57,2,1723,ON,False
2024-11-17 18:59:02,1,2122,ON,False
2024-11-17 18:59:02,2,1713,ON,False
2024-11-17 18:59:07,1,2085,ON,False
2024-11-17 18:59:07,2,1699,ON,False
2024-11-17 18:59:12,1,2141,ON,False
2024-11-17 18:59:12,2,1729,ON,False
2024-11-17 18:59:17,1,2129,ON,False
2024-11-17 18:59:17,2,1721,ON,False
2024-11-17 18:59:22,1,2128,ON,False
2024-11-17 18:59:22,2,1723,ON,False
2024-11-17 18:59:27,1,2122,ON,False
2024-11-17 18:59:27,2,1714,ON,False
2024-11-17 18:59:32,1,2128,ON,False
2024-11-17 18:59:32,2,1717,ON,False
2024-11-17 18:59:37,1,2119,ON,False
2024-11-17 18:59:37,2,1700,ON,False
2024-11-17 19:00:06,1,2095,ON,False
2024-11-17 19:00:06,2,1699,ON,False
2024-11-17 19:01:06,1,2114,ON,False
2024-11-17 19:01:06,2,1750,ON,False
2024-11-17 19:02:06,1,2128,ON,False
2024-11-17 19:02:06,2,1728,ON,False
2024-11-17 19:03:06,1,2126,ON,False
2024-11-17 19:03:06,2,1712,ON,False
2024-11-17 19:04:06,1,2119,ON,False
2024-11-17 19:04:06,2,1712,ON,False
2024-11-17 19:05:06,1,2118,ON,False
2024-11-17 19:05:06,2,1713,ON,False
2024-11-17 19:06:06,1,2109,ON,False
2024-11-17 19:06:06,2,1725,ON,False
2024-11-17 19:08:13,1,2133,ON,False
2024-11-17 19:08:13,2,1719,ON,False
2024-11-17 19:09:06,1,2146,ON,False
2024-11-17 19:09:06,2,1710,ON,False
2024-11-17 19:10:06,1,2094,ON,False
2024-11-17 19:10:06,2,1677,ON,False
2024-11-17 19:11:06,1,2128,ON,False
2024-11-17 19:11:06,2,1687,ON,False
2024-11-17 19:12:14,1,2133,ON,False
2024-11-17 19:12:14,2,1694,ON,False
2024-11-17 19:13:06,1,2128,ON,False
2024-11-17 19:13:06,2,1693,ON,False
2024-11-17 19:14:06,1,2118,ON,False
2024-11-17 19:14:06,2,1735,ON,False
2024-11-17 19:14:26,1,2128,ON,False
2024-11-17 19:14:26,2,1743,ON,False
2024-11-17 19:14:32,1,2128,ON,False
2024-11-17 19:14:32,2,1738,ON,False
2024-11-17 19:14:37,1,2121,ON,False
2024-11-17 19:14:37,2,1737,ON,False
2024-11-17 19:14:42,1,2121,ON,False
2024-11-17 19:14:42,2,1740,ON,False
2024-11-17 19:14:46,1,2120,ON,False
2024-11-17 19:14:46,2,1740,ON,False
2024-11-17 19:14:52,1,2117,ON,False
2024-11-17 19:14:52,2,1739,ON,False
2024-11-17 19:14:56,1,2119,ON,False
2024-11-17 19:14:56,2,1741,ON,False
2024-11-17 19:14:58,1,2096,ON,False
2024-11-17 19:14:58,2,1722,ON,False
2024-11-17 19:15:03,1,289,OFF,False
2024-11-17 19:15:03,2,1744,ON,False
2024-11-17 19:15:08,1,2130,ON,False
2024-11-17 19:15:08,2,1739,ON,False
2024-11-17 19:15:13,1,319,OFF,True
2024-11-17 19:15:13,2,1716,ON,False
2024-11-17 19:15:18,1,336,OFF,True
2024-11-17 19:15:18,2,1723,ON,False
2024-11-17 19:15:23,1,2122,ON,True
2024-11-17 19:15:23,2,1739,ON,False
2024-11-17 19:15:28,1,1723,ON,True
2024-11-17 19:15:28,2,1735,ON,False
2024-11-17 19:15:33,1,2317,ON,True
2024-11-17 19:15:33,2,1740,ON,False
2024-11-17 19:15:38,1,2320,ON,True
2024-11-17 19:15:38,2,1743,ON,False
2024-11-17 19:15:43,1,2320,ON,True
2024-11-17 19:15:43,2,1743,ON,False
2024-11-17 19:15:48,1,2304,ON,True
2024-11-17 19:15:48,2,1731,ON,False
2024-11-17 19:15:53,1,2304,ON,True
2024-11-17 19:15:53,2,1737,ON,False
2024-11-17 19:15:58,1,2315,ON,True
2024-11-17 19:15:58,2,1738,ON,False
2024-11-17 19:16:03,1,2315,ON,True
2024-11-17 19:16:03,2,1744,ON,False
2024-11-17 19:16:08,1,2313,ON,True
2024-11-17 19:16:08,2,1742,ON,False
2024-11-17 19:16:13,1,2306,ON,True
2024-11-17 19:16:13,2,1739,ON,False
2024-11-17 19:16:18,1,2284,ON,False
2024-11-17 19:16:18,2,1722,ON,False
2024-11-17 19:16:23,1,2309,ON,False
2024-11-17 19:16:23,2,1742,ON,False
2024-11-17 19:16:28,1,2307,ON,False
2024-11-17 19:16:28,2,1744,ON,False
2024-11-17 19:16:33,1,2309,ON,False
2024-11-17 19:16:33,2,1742,ON,False
2024-11-17 19:16:38,1,2305,ON,False
2024-11-17 19:16:38,2,1745,ON,False
2024-11-17 19:16:43,1,2287,ON,False
2024-11-17 19:16:43,2,1727,ON,False
2024-11-17 19:16:48,1,2282,ON,False
2024-11-17 19:16:48,2,1727,ON,False
2024-11-17 19:16:53,1,2310,ON,False
2024-11-17 19:16:53,2,1744,ON,False
2024-11-17 19:16:58,1,2303,ON,False
2024-11-17 19:16:58,2,1739,ON,False
2024-11-17 19:17:06,1,2305,ON,False
2024-11-17 19:17:06,2,1741,ON,False
2024-11-17 19:17:14,1,2313,ON,False
2024-11-17 19:17:14,2,1743,ON,False
2024-11-17 19:17:18,1,2311,ON,False
2024-11-17 19:17:18,2,1741,ON,False
2024-11-17 19:19:40,1,2301,ON,False
2024-11-17 19:19:40,2,1712,ON,False
2024-11-17 19:22:03,1,2288,ON,False
2024-11-17 19:22:03,2,1710,ON,False
2024-11-17 19:22:06,1,2288,ON,False
2024-11-17 19:22:06,2,1710,ON,False
2024-11-17 19:22:08,1,2286,ON,False
2024-11-17 19:22:08,2,1709,ON,False
2024-11-17 19:22:11,1,2281,ON,False
2024-11-17 19:22:11,2,1687,ON,False
2024-11-17 19:22:12,1,2285,ON,False
2024-11-17 19:22:12,2,1701,ON,False
2024-11-17 19:22:18,1,2288,ON,False
2024-11-17 19:22:18,2,1706,ON,False
2024-11-17 19:22:23,1,2272,ON,False
2024-11-17 19:22:23,2,1680,ON,False
2024-11-17 19:22:28,1,2304,ON,False
2024-11-17 19:22:28,2,1702,ON,False
2024-11-17 19:22:33,1,2288,ON,False
2024-11-17 19:22:33,2,1711,ON,False
2024-11-17 19:22:38,1,2289,ON,False
2024-11-17 19:22:38,2,1711,ON,False
2024-11-17 19:22:42,1,2294,ON,False
2024-11-17 19:22:42,2,1705,ON,False
2024-11-17 19:22:48,1,2291,ON,False
2024-11-17 19:22:48,2,1712,ON,False
2024-11-17 19:22:53,1,2309,ON,False
2024-11-17 19:22:53,2,1703,ON,False
2024-11-17 19:22:58,1,325,OFF,False
2024-11-17 19:22:58,2,1707,ON,False
2024-11-17 19:23:03,1,283,OFF,False
2024-11-17 19:23:03,2,1702,ON,False
2024-11-17 19:23:08,1,305,OFF,False
2024-11-17 19:23:08,2,1686,ON,False
2024-11-17 19:23:13,1,580,DIM,False
2024-11-17 19:23:13,2,1707,ON,False
2024-11-17 19:23:18,1,1604,ON,True
2024-11-17 19:23:18,2,1712,ON,False
2024-11-17 19:23:23,1,2208,ON,True
2024-11-17 19:23:23,2,1712,ON,False
2024-11-17 19:23:28,1,2162,ON,True
2024-11-17 19:23:28,2,1684,ON,False
2024-11-17 19:23:33,1,830,DIM,True
2024-11-17 19:23:33,2,1706,ON,False
2024-11-17 19:23:38,1,343,OFF,True
2024-11-17 19:23:38,2,1709,ON,False
2024-11-17 19:23:43,1,2198,ON,True
2024-11-17 19:23:43,2,1707,ON,False
2024-11-17 19:23:49,1,2195,ON,True
2024-11-17 19:23:49,2,1705,ON,False
2024-11-17 19:23:51,1,2192,ON,True
2024-11-17 19:23:51,2,1708,ON,False
2024-11-17 19:23:56,1,1479,ON,True
2024-11-17 19:23:56,2,1702,ON,False
2024-11-17 19:24:01,1,311,OFF,True
2024-11-17 19:24:01,2,1705,ON,False
2024-11-17 19:24:06,1,436,OFF,True
2024-11-17 19:24:06,2,1708,ON,False
2024-11-17 19:24:11,1,256,OFF,True
2024-11-17 19:24:11,2,1707,ON,False
2024-11-17 19:24:16,1,139,OFF,True
2024-11-17 19:24:16,2,1686,ON,False
2024-11-17 19:24:21,1,1086,ON,True
2024-11-17 19:24:21,2,1715,ON,False
2024-11-17 19:24:26,1,298,OFF,True
2024-11-17 19:24:26,2,1712,ON,False
2024-11-17 19:24:31,1,2189,ON,True
2024-11-17 19:24:31,2,1723,ON,False
2024-11-17 19:24:36,1,2199,ON,True
2024-11-17 19:24:36,2,1712,ON,False
2024-11-17 19:24:41,1,2183,ON,True
2024-11-17 19:24:41,2,1703,ON,False
2024-11-17 19:24:46,1,2225,ON,True
2024-11-17 19:24:46,2,1714,ON,False
2024-11-17 19:24:51,1,2192,ON,True
2024-11-17 19:24:51,2,1715,ON,False
2024-11-17 19:24:56,1,2192,ON,True
2024-11-17 19:24:56,2,1714,ON,False
2024-11-17 19:25:01,1,2203,ON,True
2024-11-17 19:25:01,2,1719,ON,False
2024-11-17 19:25:03,1,2171,ON,True
2024-11-17 19:25:03,2,1699,ON,False
2024-11-17 19:25:08,1,2192,ON,True
2024-11-17 19:25:08,2,1714,ON,False
2024-11-17 19:25:13,1,2195,ON,False
2024-11-17 19:25:13,2,1717,ON,False
2024-11-17 19:25:18,1,2164,ON,False
2024-11-17 19:25:18,2,1697,ON,False
2024-11-17 19:25:23,1,2195,ON,False
2024-11-17 19:25:23,2,1712,ON,False
2024-11-17 19:25:28,1,2195,ON,False
2024-11-17 19:25:28,2,1712,ON,False
2024-11-17 19:25:33,1,2203,ON,False
2024-11-17 19:25:33,2,1725,ON,False
2024-11-17 19:25:38,1,2197,ON,False
2024-11-17 19:25:38,2,1717,ON,False
2024-11-17 19:25:43,1,2201,ON,False
2024-11-17 19:25:43,2,1718,ON,False
2024-11-17 19:25:48,1,2195,ON,False
2024-11-17 19:25:48,2,1713,ON,False
2024-11-17 19:25:53,1,2197,ON,False
2024-11-17 19:25:53,2,1718,ON,False
2024-11-17 19:25:58,1,2190,ON,False
2024-11-17 19:25:58,2,1712,ON,False
2024-11-17 19:26:03,1,2201,ON,False
2024-11-17 19:26:03,2,1719,ON,False
2024-11-17 19:26:08,1,2199,ON,False
2024-11-17 19:26:08,2,1717,ON,False
2024-11-17 19:26:24,1,2183,ON,False
2024-11-17 19:26:24,2,1705,ON,False
2024-11-17 19:26:28,1,2193,ON,False
2024-11-17 19:26:28,2,1713,ON,False
2024-11-17 19:26:33,1,2206,ON,False
2024-11-17 19:26:33,2,1721,ON,False
2024-11-17 19:26:38,1,2195,ON,False
2024-11-17 19:26:38,2,1717,ON,False
2024-11-17 19:26:39,1,2195,ON,False
2024-11-17 19:26:39,2,1715,ON,False
2024-11-17 19:26:44,1,2195,ON,False
2024-11-17 19:26:44,2,1715,ON,False
2024-11-17 19:26:49,1,2194,ON,False
2024-11-17 19:26:49,2,1715,ON,False
2024-11-17 19:26:54,1,207,OFF,False
2024-11-17 19:26:54,2,1697,ON,False
2024-11-17 19:26:59,1,2217,ON,False
2024-11-17 19:26:59,2,1712,ON,False
2024-11-17 19:27:05,1,2215,ON,False
2024-11-17 19:27:05,2,1707,ON,False
2024-11-17 19:27:10,1,2222,ON,False
2024-11-17 19:27:10,2,1712,ON,False
2024-11-17 19:27:15,1,2225,ON,False
2024-11-17 19:27:15,2,1712,ON,False
2024-11-17 19:27:20,1,2224,ON,False
2024-11-17 19:27:20,2,1712,ON,False
2024-11-17 19:27:25,1,2226,ON,False
2024-11-17 19:27:25,2,1713,ON,False
2024-11-17 19:27:30,1,2221,ON,False
2024-11-17 19:27:30,2,1680,ON,False
2024-11-17 19:27:35,1,2219,ON,False
2024-11-17 19:27:35,2,1712,ON,False
2024-11-17 19:27:40,1,2220,ON,False
2024-11-17 19:27:40,2,1704,ON,False
2024-11-17 19:27:45,1,2224,ON,False
2024-11-17 19:27:45,2,1712,ON,False
2024-11-17 19:27:50,1,2207,ON,False
2024-11-17 19:27:50,2,1697,ON,False
2024-11-17 19:27:55,1,2214,ON,False
2024-11-17 19:27:55,2,1683,ON,False
2024-11-17 19:28:00,1,2214,ON,False
2024-11-17 19:28:00,2,1712,ON,False
2024-11-17 19:28:06,1,2183,ON,False
2024-11-17 19:28:06,2,1687,ON,False
2024-11-17 19:29:06,1,2219,ON,False
2024-11-17 19:29:06,2,1742,ON,False
2024-11-17 19:30:06,1,2229,ON,False
2024-11-17 19:30:06,2,1703,ON,False
2024-11-17 19:31:06,1,2226,ON,False
2024-11-17 19:31:06,2,1707,ON,False
2024-11-17 19:32:06,1,2234,ON,False
2024-11-17 19:32:06,2,1710,ON,False
2024-11-17 19:32:25,1,2224,ON,False
2024-11-17 19:32:25,2,1714,ON,False
2024-11-17 19:32:25,1,2224,ON,False
2024-11-17 19:32:25,2,1714,ON,False
2024-11-17 19:32:30,1,2226,ON,False
2024-11-17 19:32:30,2,1709,ON,False
2024-11-17 19:32:34,1,2235,ON,False
2024-11-17 19:32:34,2,1712,ON,False
2024-11-17 19:32:39,1,2229,ON,False
2024-11-17 19:32:39,2,1708,ON,False
2024-11-17 19:32:44,1,2227,ON,False
2024-11-17 19:32:44,2,1714,ON,False
2024-11-17 19:32:49,1,2224,ON,False
2024-11-17 19:32:49,2,1710,ON,False
2024-11-17 19:32:54,1,2234,ON,False
2024-11-17 19:32:54,2,1715,ON,False
2024-11-17 19:32:55,1,2229,ON,False
2024-11-17 19:32:55,2,1712,ON,False
2024-11-17 19:32:57,1,2230,ON,False
2024-11-17 19:32:57,2,1710,ON,False
2024-11-17 19:33:03,1,2224,ON,False
2024-11-17 19:33:03,2,1707,ON,False
2024-11-17 19:33:08,1,2230,ON,False
2024-11-17 19:33:08,2,1712,ON,False
2024-11-17 19:33:13,1,2239,ON,False
2024-11-17 19:33:13,2,1712,ON,False
2024-11-17 19:33:18,1,2226,ON,False
2024-11-17 19:33:18,2,1712,ON,False
2024-11-17 19:33:23,1,2227,ON,False
2024-11-17 19:33:23,2,1712,ON,False
2024-11-17 19:33:28,1,2221,ON,False
2024-11-17 19:33:28,2,1712,ON,False
2024-11-17 19:33:33,1,2231,ON,False
2024-11-17 19:33:33,2,1713,ON,False
2024-11-17 19:33:38,1,2205,ON,False
2024-11-17 19:33:38,2,1691,ON,False
2024-11-17 19:33:43,1,2227,ON,False
2024-11-17 19:33:43,2,1707,ON,False
2024-11-17 19:33:48,1,2236,ON,False
2024-11-17 19:33:48,2,1715,ON,False
2024-11-17 19:33:53,1,2228,ON,False
2024-11-17 19:33:53,2,1713,ON,False
2024-11-17 19:33:58,1,2229,ON,False
2024-11-17 19:33:58,2,1707,ON,False
2024-11-17 19:34:06,1,2238,ON,False
2024-11-17 19:34:06,2,1717,ON,False
2024-11-17 19:35:06,1,2225,ON,False
2024-11-17 19:35:06,2,1703,ON,False
2024-11-17 19:36:06,1,2224,ON,False
2024-11-17 19:36:06,2,1707,ON,False
2024-11-17 19:37:06,1,2224,ON,False
2024-11-17 19:37:06,2,1698,ON,False
2024-11-17 19:38:06,1,2198,ON,False
2024-11-17 19:38:06,2,1689,ON,False
2024-11-17 19:39:06,1,2224,ON,False
2024-11-17 19:39:06,2,1713,ON,False
2024-11-17 20:21:47,1,331,OFF,False
2024-11-17 20:21:47,2,115,OFF,False
2024-11-17 20:21:52,1,332,OFF,False
2024-11-17 20:21:52,2,142,OFF,False
2024-11-17 20:21:57,1,330,OFF,False
2024-11-17 20:21:57,2,145,OFF,False
2024-11-17 20:22:02,1,241,OFF,False
2024-11-17 20:22:02,2,112,OFF,False
2024-11-17 20:22:07,1,330,OFF,False
2024-11-17 20:22:07,2,139,OFF,False
2024-11-17 20:22:12,1,331,OFF,False
2024-11-17 20:22:12,2,138,OFF,False
2024-11-17 20:22:17,1,316,OFF,False
2024-11-17 20:22:17,2,144,OFF,False
2024-11-17 20:22:22,1,255,OFF,False
2024-11-17 20:22:22,2,128,OFF,False
2024-11-17 20:22:27,1,260,OFF,False
2024-11-17 20:22:27,2,128,OFF,False
2024-11-17 20:22:32,1,326,OFF,False
2024-11-17 20:22:32,2,144,OFF,False
2024-11-17 20:22:37,1,309,OFF,False
2024-11-17 20:22:37,2,117,OFF,False
2024-11-17 20:22:42,1,329,OFF,False
2024-11-17 20:22:42,2,144,OFF,False
2024-11-17 20:22:47,1,237,OFF,False
2024-11-17 20:22:47,2,108,OFF,False
2024-11-17 20:22:52,1,326,OFF,False
2024-11-17 20:22:52,2,151,OFF,False
2024-11-17 20:22:57,1,400,OFF,False
2024-11-17 20:22:57,2,202,OFF,False
2024-11-17 20:23:02,1,430,OFF,False
2024-11-17 20:23:02,2,238,OFF,False
2024-11-17 20:24:01,1,198,OFF,False
2024-11-17 20:24:01,2,126,OFF,False
2024-11-17 20:24:02,1,193,OFF,False
2024-11-17 20:24:02,2,80,OFF,False
2024-11-17 20:24:07,1,179,OFF,False
2024-11-17 20:24:07,2,2,OFF,False
2024-11-17 20:24:12,1,161,OFF,False
2024-11-17 20:24:12,2,112,OFF,False
2024-11-17 20:24:17,1,256,OFF,False
2024-11-17 20:24:17,2,122,OFF,False
2024-11-17 20:24:22,1,209,OFF,False
2024-11-17 20:24:22,2,112,OFF,False
2024-11-17 20:24:27,1,175,OFF,False
2024-11-17 20:24:27,2,18,OFF,False
2024-11-17 20:24:29,1,151,OFF,False
2024-11-17 20:24:29,2,0,OFF,False
2024-11-17 20:24:29,1,151,OFF,False
2024-11-17 20:24:29,2,0,OFF,False
2024-11-17 20:24:34,1,301,OFF,False
2024-11-17 20:24:34,2,1704,ON,False
2024-11-17 20:24:34,1,301,OFF,False
2024-11-17 20:24:34,2,133,OFF,False
2024-11-17 20:24:39,1,1104,ON,False
2024-11-17 20:24:39,2,1712,ON,True
2024-11-17 20:24:39,1,1104,ON,False
2024-11-17 20:24:39,2,1702,ON,True
2024-11-17 20:24:44,1,1077,ON,False
2024-11-17 20:24:44,2,1701,ON,True
2024-11-17 20:24:44,1,1077,ON,False
2024-11-17 20:24:44,2,1701,ON,True
2024-11-17 20:24:49,1,1095,ON,False
2024-11-17 20:24:49,2,1700,ON,True
2024-11-17 20:24:49,1,1095,ON,False
2024-11-17 20:24:49,2,1700,ON,True
2024-11-17 20:24:54,1,1072,ON,False
2024-11-17 20:24:54,2,1702,ON,True
2024-11-17 20:24:54,1,1072,ON,False
2024-11-17 20:24:54,2,1702,ON,True
2024-11-17 20:24:59,1,290,OFF,False
2024-11-17 20:24:59,2,1696,ON,True
2024-11-17 20:24:59,1,290,OFF,False
2024-11-17 20:24:59,2,1696,ON,False
2024-11-17 20:25:04,1,604,DIM,True
2024-11-17 20:25:04,2,249,OFF,False
2024-11-17 20:25:04,1,604,DIM,False
2024-11-17 20:25:04,2,249,OFF,False
2024-11-17 20:25:09,1,531,DIM,False
2024-11-17 20:25:09,2,246,OFF,False
2024-11-17 20:25:09,1,531,DIM,False
2024-11-17 20:25:09,2,246,OFF,False
2024-11-17 20:25:14,1,603,DIM,False
2024-11-17 20:25:14,2,246,OFF,False
2024-11-17 20:25:14,1,603,DIM,False
2024-11-17 20:25:14,2,246,OFF,False
2024-11-17 20:25:19,1,592,DIM,False
2024-11-17 20:25:19,2,230,OFF,False
2024-11-17 20:25:19,1,592,DIM,False
2024-11-17 20:25:19,2,230,OFF,False
2024-11-17 20:25:24,1,644,DIM,False
2024-11-17 20:25:24,2,204,OFF,False
2024-11-17 20:25:24,1,644,DIM,False
2024-11-17 20:25:24,2,224,OFF,False
2024-11-17 20:25:29,1,627,DIM,False
2024-11-17 20:25:29,2,247,OFF,False
2024-11-17 20:25:29,1,627,DIM,False
2024-11-17 20:25:29,2,247,OFF,False
2024-11-17 20:25:34,1,624,DIM,False
2024-11-17 20:25:34,2,249,OFF,False
2024-11-17 20:25:34,1,624,DIM,False
2024-11-17 20:25:34,2,249,OFF,False
2024-11-17 20:25:39,1,348,OFF,False
2024-11-17 20:25:39,2,372,OFF,False
2024-11-17 20:25:39,1,348,OFF,False
2024-11-17 20:25:39,2,372,OFF,False
2024-11-17 20:25:44,1,624,DIM,False
2024-11-17 20:25:44,2,176,OFF,False
2024-11-17 20:25:44,1,624,DIM,False
2024-11-17 20:25:44,2,176,OFF,False
2024-11-17 20:25:49,1,256,OFF,True
2024-11-17 20:25:49,2,122,OFF,False
2024-11-17 20:25:49,1,256,OFF,True
2024-11-17 20:25:49,2,122,OFF,False
2024-11-17 20:25:54,1,291,OFF,True
2024-11-17 20:25:54,2,143,OFF,False
2024-11-17 20:25:54,1,338,OFF,True
2024-11-17 20:25:54,2,143,OFF,False
2024-11-17 20:25:59,1,256,OFF,True
2024-11-17 20:25:59,2,112,OFF,False
2024-11-17 20:25:59,1,256,OFF,True
2024-11-17 20:25:59,2,112,OFF,False
2024-11-17 20:26:04,1,265,OFF,True
2024-11-17 20:26:04,2,112,OFF,False
2024-11-17 20:26:04,1,265,OFF,False
2024-11-17 20:26:04,2,112,OFF,False
2024-11-17 20:26:09,1,363,OFF,False
2024-11-17 20:26:09,2,147,OFF,False
2024-11-17 20:26:09,1,363,OFF,False
2024-11-17 20:26:09,2,147,OFF,False
2024-11-17 20:26:14,1,268,OFF,False
2024-11-17 20:26:14,2,144,OFF,False
2024-11-17 20:26:14,1,268,OFF,False
2024-11-17 20:26:14,2,139,OFF,False
2024-11-17 20:26:19,1,339,OFF,False
2024-11-17 20:26:19,2,120,OFF,False
2024-11-17 20:26:19,1,339,OFF,False
2024-11-17 20:26:19,2,130,OFF,False
2024-11-17 20:26:24,1,352,OFF,False
2024-11-17 20:26:24,2,114,OFF,False
2024-11-17 20:26:24,1,352,OFF,False
2024-11-17 20:26:24,2,114,OFF,False
2024-11-17 20:26:29,1,367,OFF,False
2024-11-17 20:26:29,2,151,OFF,False
2024-11-17 20:26:29,1,367,OFF,False
2024-11-17 20:26:29,2,151,OFF,False
2024-11-17 20:26:34,1,356,OFF,False
2024-11-17 20:26:34,2,136,OFF,False
2024-11-17 20:26:34,1,356,OFF,False
2024-11-17 20:26:34,2,136,OFF,False
2024-11-17 20:26:39,1,343,OFF,False
2024-11-17 20:26:39,2,127,OFF,False
2024-11-17 20:26:39,1,343,OFF,False
2024-11-17 20:26:39,2,127,OFF,False
2024-11-17 20:26:44,1,265,OFF,False
2024-11-17 20:26:44,2,121,OFF,False
2024-11-17 20:26:44,1,368,OFF,False
2024-11-17 20:26:44,2,121,OFF,False
2024-11-17 20:26:49,1,335,OFF,False
2024-11-17 20:26:49,2,144,OFF,False
2024-11-17 20:26:49,1,335,OFF,False
2024-11-17 20:26:49,2,144,OFF,False
2024-11-17 20:27:06,1,336,OFF,False
2024-11-17 20:27:06,2,137,OFF,False
2024-11-17 20:27:06,1,336,OFF,False
2024-11-17 20:27:06,2,146,OFF,False
2024-11-17 20:27:09,1,301,OFF,False
2024-11-17 20:27:09,2,147,OFF,False
2024-11-17 20:27:09,1,301,OFF,False
2024-11-17 20:27:09,2,147,OFF,False
2024-11-17 20:27:14,1,317,OFF,False
2024-11-17 20:27:14,2,118,OFF,False
2024-11-17 20:27:14,1,317,OFF,False
2024-11-17 20:27:14,2,118,OFF,False
2024-11-17 20:27:19,1,325,OFF,False
2024-11-17 20:27:19,2,124,OFF,False
2024-11-17 20:27:19,1,325,OFF,False
2024-11-17 20:27:19,2,124,OFF,False
2024-11-17 20:27:24,1,255,OFF,False
2024-11-17 20:27:24,2,115,OFF,False
2024-11-17 20:27:24,1,255,OFF,False
2024-11-17 20:27:24,2,115,OFF,False
2024-11-17 20:27:29,1,993,DIM,False
2024-11-17 20:27:29,2,1712,ON,False
2024-11-17 20:27:29,1,993,DIM,False
2024-11-17 20:27:29,2,1712,ON,False
2024-11-17 20:27:34,1,1059,ON,False
2024-11-17 20:27:34,2,1700,ON,False
2024-11-17 20:27:34,1,1059,ON,False
2024-11-17 20:27:34,2,1700,ON,False
2024-11-17 20:27:39,1,1063,ON,False
2024-11-17 20:27:39,2,1712,ON,False
2024-11-17 20:27:39,1,1063,ON,False
2024-11-17 20:27:39,2,1712,ON,False
2024-11-17 20:27:44,1,986,DIM,False
2024-11-17 20:27:44,2,1712,ON,False
2024-11-17 20:27:44,1,1007,ON,False
2024-11-17 20:27:44,2,1712,ON,False
2024-11-17 20:27:49,1,981,DIM,False
2024-11-17 20:27:49,2,1712,ON,False
2024-11-17 20:27:49,1,981,DIM,False
2024-11-17 20:27:49,2,1712,ON,False
2024-11-17 20:27:54,1,112,OFF,False
2024-11-17 20:27:54,2,1711,ON,False
2024-11-17 20:27:54,1,112,OFF,False
2024-11-17 20:27:54,2,1711,ON,False
2024-11-17 20:27:59,1,87,OFF,False
2024-11-17 20:27:59,2,1713,ON,False
2024-11-17 20:27:59,1,87,OFF,False
2024-11-17 20:27:59,2,1713,ON,False
2024-11-17 20:28:04,1,1155,ON,False
2024-11-17 20:28:04,2,1712,ON,False
2024-11-17 20:28:04,1,1155,ON,False
2024-11-17 20:28:04,2,1712,ON,False
2024-11-17 20:28:09,1,1126,ON,False
2024-11-17 20:28:09,2,1706,ON,False
2024-11-17 20:28:09,1,1126,ON,False
2024-11-17 20:28:09,2,1706,ON,False
2024-11-17 20:28:14,1,1150,ON,False
2024-11-17 20:28:14,2,1712,ON,False
2024-11-17 20:28:14,1,1150,ON,False
2024-11-17 20:28:14,2,1712,ON,False
2024-11-17 20:28:19,1,2077,ON,True
2024-11-17 20:28:19,2,1713,ON,False
2024-11-17 20:28:19,1,2077,ON,False
2024-11-17 20:28:19,2,1713,ON,False
2024-11-17 20:28:24,1,2203,ON,False
2024-11-17 20:28:24,2,1710,ON,False
2024-11-17 20:28:24,1,2203,ON,False
2024-11-17 20:28:24,2,1710,ON,False
2024-11-17 20:28:29,1,2201,ON,False
2024-11-17 20:28:29,2,1711,ON,False
2024-11-17 20:28:29,1,2201,ON,False
2024-11-17 20:28:29,2,1711,ON,False
2024-11-17 20:28:34,1,2193,ON,False
2024-11-17 20:28:34,2,1690,ON,False
2024-11-17 20:28:34,1,2180,ON,False
2024-11-17 20:28:34,2,1690,ON,False
2024-11-17 20:28:39,1,563,DIM,False
2024-11-17 20:28:39,2,1693,ON,False
2024-11-17 20:28:39,1,563,DIM,False
2024-11-17 20:28:39,2,1693,ON,False
2024-11-17 20:29:06,1,2124,ON,True
2024-11-17 20:29:06,2,1695,ON,False
2024-11-17 20:29:06,1,2124,ON,False
2024-11-17 20:29:06,2,1695,ON,False
2024-11-17 20:30:06,1,2150,ON,False
2024-11-17 20:30:06,2,1693,ON,False
2024-11-17 20:30:06,1,2150,ON,False
2024-11-17 20:30:06,2,1693,ON,False
2024-11-17 20:30:23,1,2146,ON,False
2024-11-17 20:30:23,2,1687,ON,False
2024-11-17 20:30:23,1,2146,ON,False
2024-11-17 20:30:23,2,1687,ON,False
2024-11-17 20:30:24,1,2146,ON,False
2024-11-17 20:30:24,2,1687,ON,False
2024-11-17 20:30:24,1,2146,ON,False
2024-11-17 20:30:24,2,1687,ON,False
2024-11-17 20:30:29,1,2139,ON,False
2024-11-17 20:30:29,2,1691,ON,False
2024-11-17 20:30:29,1,2139,ON,False
2024-11-17 20:30:29,2,1691,ON,False
2024-11-17 20:30:34,1,2114,ON,False
2024-11-17 20:30:34,2,1686,ON,False
2024-11-17 20:30:34,1,2114,ON,False
2024-11-17 20:30:34,2,1686,ON,False
2024-11-17 20:30:39,1,2138,ON,False
2024-11-17 20:30:39,2,1690,ON,False
2024-11-17 20:30:39,1,2138,ON,False
2024-11-17 20:30:39,2,1690,ON,False
2024-11-17 20:30:44,1,2117,ON,False
2024-11-17 20:30:44,2,1690,ON,False
2024-11-17 20:30:44,1,2117,ON,False
2024-11-17 20:30:44,2,1690,ON,False
2024-11-17 20:30:49,1,2122,ON,False
2024-11-17 20:30:49,2,1693,ON,False
2024-11-17 20:30:49,1,2122,ON,False
2024-11-17 20:30:49,2,1693,ON,False
2024-11-17 20:30:54,1,2147,ON,False
2024-11-17 20:30:54,2,1697,ON,False
2024-11-17 20:30:54,1,2147,ON,False
2024-11-17 20:30:54,2,1697,ON,False
2024-11-17 20:30:59,1,2143,ON,False
2024-11-17 20:30:59,2,1691,ON,False
2024-11-17 20:30:59,1,2143,ON,False
2024-11-17 20:30:59,2,1691,ON,False
2024-11-17 20:31:04,1,2117,ON,False
2024-11-17 20:31:04,2,1690,ON,False
2024-11-17 20:31:04,1,2117,ON,False
2024-11-17 20:31:04,2,1690,ON,False
2024-11-17 20:31:09,1,2139,ON,False
2024-11-17 20:31:09,2,1701,ON,False
2024-11-17 20:31:09,1,2139,ON,False
2024-11-17 20:31:09,2,1701,ON,False
2024-11-17 20:31:14,1,2158,ON,False
2024-11-17 20:31:14,2,1692,ON,False
2024-11-17 20:31:14,1,2158,ON,False
2024-11-17 20:31:14,2,1692,ON,False
2024-11-17 20:31:19,1,2143,ON,False
2024-11-17 20:31:19,2,1689,ON,False
2024-11-17 20:31:19,1,2143,ON,False
2024-11-17 20:31:19,2,1689,ON,False
2024-11-17 20:31:24,1,2142,ON,False
2024-11-17 20:31:24,2,1690,ON,False
2024-11-17 20:31:24,1,2142,ON,False
2024-11-17 20:31:24,2,1690,ON,False
2024-11-17 20:31:29,1,2124,ON,False
2024-11-17 20:31:29,2,1686,ON,False
2024-11-17 20:31:29,1,2124,ON,False
2024-11-17 20:31:29,2,1686,ON,False
2024-11-17 20:31:34,1,2117,ON,False
2024-11-17 20:31:34,2,1692,ON,False
2024-11-17 20:31:34,1,2117,ON,False
2024-11-17 20:31:34,2,1692,ON,False
2024-11-17 20:31:39,1,949,DIM,False
2024-11-17 20:31:39,2,1686,ON,False
2024-11-17 20:31:39,1,949,DIM,False
2024-11-17 20:31:39,2,1686,ON,False
2024-11-17 20:31:44,1,601,DIM,False
2024-11-17 20:31:44,2,1686,ON,False
2024-11-17 20:31:44,1,601,DIM,False
2024-11-17 20:31:44,2,1686,ON,False
2024-11-17 20:31:49,1,2189,ON,True
2024-11-17 20:31:49,2,1695,ON,False
2024-11-17 20:31:49,1,2189,ON,True
2024-11-17 20:31:49,2,1695,ON,False
2024-11-17 20:31:54,1,2167,ON,True
2024-11-17 20:31:54,2,1685,ON,False
2024-11-17 20:31:54,1,2167,ON,True
2024-11-17 20:31:54,2,1685,ON,False
2024-11-17 20:31:59,1,2189,ON,True
2024-11-17 20:31:59,2,1686,ON,False
2024-11-17 20:31:59,1,2189,ON,True
2024-11-17 20:31:59,2,1686,ON,False
2024-11-17 20:32:04,1,2193,ON,True
2024-11-17 20:32:04,2,1692,ON,False
2024-11-17 20:32:04,1,2193,ON,False
2024-11-17 20:32:04,2,1692,ON,False
2024-11-17 20:32:09,1,2194,ON,False
2024-11-17 20:32:09,2,1693,ON,False
2024-11-17 20:32:09,1,2194,ON,False
2024-11-17 20:32:09,2,1693,ON,False
2024-11-17 20:32:14,1,2189,ON,False
2024-11-17 20:32:14,2,1683,ON,False
2024-11-17 20:32:14,1,2189,ON,False
2024-11-17 20:32:14,2,1683,ON,False
2024-11-17 20:32:19,1,2179,ON,False
2024-11-17 20:32:19,2,1687,ON,False
2024-11-17 20:32:19,1,2179,ON,False
2024-11-17 20:32:19,2,1687,ON,False
2024-11-17 20:32:24,1,2160,ON,False
2024-11-17 20:32:24,2,1695,ON,False
2024-11-17 20:32:24,1,2160,ON,False
2024-11-17 20:32:24,2,1682,ON,False
2024-11-17 20:32:27,1,2182,ON,False
2024-11-17 20:32:27,2,1685,ON,False
2024-11-17 20:32:27,1,2182,ON,False
2024-11-17 20:32:27,2,1685,ON,False
2024-11-17 20:32:32,1,2160,ON,False
2024-11-17 20:32:32,2,1700,ON,False
2024-11-17 20:32:33,1,2190,ON,False
2024-11-17 20:32:33,2,1691,ON,False
2024-11-17 20:32:38,1,2187,ON,False
2024-11-17 20:32:38,2,1690,ON,False
2024-11-17 20:32:38,1,2187,ON,False
2024-11-17 20:32:38,2,1690,ON,False
2024-11-17 20:32:43,1,2187,ON,False
2024-11-17 20:32:43,2,1690,ON,False
2024-11-17 20:32:43,1,2187,ON,False
2024-11-17 20:32:43,2,1690,ON,False
2024-11-17 20:32:47,1,2177,ON,False
2024-11-17 20:32:47,2,1683,ON,False
2024-11-17 20:32:47,1,2177,ON,False
2024-11-17 20:32:47,2,1683,ON,False
2024-11-17 20:32:53,1,2183,ON,False
2024-11-17 20:32:53,2,1693,ON,False
2024-11-17 20:32:53,1,2183,ON,False
2024-11-17 20:32:53,2,1693,ON,False
2024-11-17 20:32:58,1,2182,ON,False
2024-11-17 20:32:58,2,1693,ON,False
2024-11-17 20:32:58,1,2182,ON,False
2024-11-17 20:32:58,2,1693,ON,False
2024-11-17 20:33:03,1,2177,ON,False
2024-11-17 20:33:03,2,1687,ON,False
2024-11-17 20:33:03,1,2177,ON,False
2024-11-17 20:33:03,2,1687,ON,False
2024-11-17 20:33:08,1,2167,ON,False
2024-11-17 20:33:08,2,1693,ON,False
2024-11-17 20:33:08,1,2167,ON,False
2024-11-17 20:33:08,2,1693,ON,False
2024-11-17 20:33:13,1,2175,ON,False
2024-11-17 20:33:13,2,1687,ON,False
2024-11-17 20:33:13,1,2175,ON,False
2024-11-17 20:33:13,2,1687,ON,False
2024-11-17 20:33:18,1,2193,ON,False
2024-11-17 20:33:18,2,1685,ON,False
2024-11-17 20:33:18,1,2193,ON,False
2024-11-17 20:33:18,2,1694,ON,False
2024-11-17 20:33:23,1,2178,ON,False
2024-11-17 20:33:23,2,1683,ON,False
2024-11-17 20:33:23,1,2178,ON,False
2024-11-17 20:33:23,2,1683,ON,False
2024-11-17 20:33:28,1,2185,ON,False
2024-11-17 20:33:28,2,1693,ON,False
2024-11-17 20:33:28,1,2185,ON,False
2024-11-17 20:33:28,2,1693,ON,False
2024-11-17 20:33:33,1,2165,ON,False
2024-11-17 20:33:33,2,1690,ON,False
2024-11-17 20:33:33,1,2165,ON,False
2024-11-17 20:33:33,2,1690,ON,False
2024-11-17 20:33:38,1,2155,ON,False
2024-11-17 20:33:38,2,1683,ON,False
2024-11-17 20:33:38,1,2155,ON,False
2024-11-17 20:33:38,2,1683,ON,False
2024-11-17 20:33:43,1,2191,ON,False
2024-11-17 20:33:43,2,1687,ON,False
2024-11-17 20:33:43,1,2191,ON,False
2024-11-17 20:33:43,2,1687,ON,False
2024-11-17 20:33:48,1,2192,ON,False
2024-11-17 20:33:48,2,1684,ON,False
2024-11-17 20:33:48,1,2192,ON,False
2024-11-17 20:33:48,2,1684,ON,False
2024-11-17 20:34:06,1,2160,ON,False
2024-11-17 20:34:06,2,1691,ON,False
2024-11-17 20:34:06,1,2160,ON,False
2024-11-17 20:34:06,2,1691,ON,False
2024-11-17 20:34:29,1,2170,ON,False
2024-11-17 20:34:29,2,1680,ON,False
2024-11-17 20:34:29,1,2170,ON,False
2024-11-17 20:34:29,2,1680,ON,False
2024-11-17 20:34:32,1,2173,ON,False
2024-11-17 20:34:32,2,1679,ON,False
2024-11-17 20:34:32,1,2173,ON,False
2024-11-17 20:34:32,2,1679,ON,False
2024-11-17 20:34:38,1,2131,ON,False
2024-11-17 20:34:38,2,1671,ON,False
2024-11-17 20:34:38,1,2131,ON,False
2024-11-17 20:34:38,2,1671,ON,False
2024-11-17 20:34:43,1,2134,ON,False
2024-11-17 20:34:43,2,1672,ON,False
2024-11-17 20:34:43,1,2134,ON,False
2024-11-17 20:34:43,2,1672,ON,False
2024-11-17 20:34:47,1,2145,ON,False
2024-11-17 20:34:47,2,1677,ON,False
2024-11-17 20:34:47,1,2145,ON,False
2024-11-17 20:34:47,2,1677,ON,False
2024-11-17 20:34:52,1,2142,ON,False
2024-11-17 20:34:52,2,1664,ON,False
2024-11-17 20:34:52,1,2125,ON,False
2024-11-17 20:34:52,2,1664,ON,False
2024-11-17 20:34:53,1,2125,ON,False
2024-11-17 20:34:53,2,1674,ON,False
2024-11-17 20:34:53,1,2125,ON,False
2024-11-17 20:34:53,2,1674,ON,False
2024-11-17 20:34:54,1,2135,ON,False
2024-11-17 20:34:54,2,1674,ON,False
2024-11-17 20:34:54,1,2135,ON,False
2024-11-17 20:34:54,2,1648,ON,False
2024-11-17 20:34:59,1,2160,ON,False
2024-11-17 20:34:59,2,1643,ON,False
2024-11-17 20:34:59,1,2160,ON,False
2024-11-17 20:34:59,2,1643,ON,False
2024-11-17 20:35:04,1,2154,ON,False
2024-11-17 20:35:04,2,1677,ON,False
2024-11-17 20:35:04,1,2154,ON,False
2024-11-17 20:35:04,2,1677,ON,False
2024-11-17 20:35:09,1,2153,ON,False
2024-11-17 20:35:09,2,1680,ON,False
2024-11-17 20:35:09,1,2153,ON,False
2024-11-17 20:35:09,2,1680,ON,False
2024-11-17 20:35:14,1,2162,ON,False
2024-11-17 20:35:14,2,1687,ON,False
2024-11-17 20:35:14,1,2162,ON,False
2024-11-17 20:35:14,2,1687,ON,False
2024-11-17 20:35:19,1,2147,ON,False
2024-11-17 20:35:19,2,1679,ON,False
2024-11-17 20:35:19,1,2147,ON,False
2024-11-17 20:35:19,2,1679,ON,False
2024-11-17 20:35:24,1,2157,ON,False
2024-11-17 20:35:24,2,1675,ON,False
2024-11-17 20:35:24,1,2157,ON,False
2024-11-17 20:35:24,2,1675,ON,False
2024-11-17 20:35:29,1,2128,ON,False
2024-11-17 20:35:29,2,1648,ON,False
2024-11-17 20:35:29,1,2128,ON,False
2024-11-17 20:35:29,2,1648,ON,False
2024-11-17 20:35:34,1,2155,ON,False
2024-11-17 20:35:34,2,1648,ON,False
2024-11-17 20:35:34,1,2155,ON,False
2024-11-17 20:35:34,2,1648,ON,False
2024-11-17 20:35:39,1,2138,ON,False
2024-11-17 20:35:39,2,1643,ON,False
2024-11-17 20:35:39,1,2138,ON,False
2024-11-17 20:35:39,2,1618,ON,False
2024-11-17 20:35:44,1,2131,ON,False
2024-11-17 20:35:44,2,1600,ON,False
2024-11-17 20:35:44,1,2131,ON,False
2024-11-17 20:35:44,2,1600,ON,False
2024-11-17 20:35:49,1,2159,ON,False
2024-11-17 20:35:49,2,1599,ON,False
2024-11-17 20:35:49,1,2159,ON,False
2024-11-17 20:35:49,2,1599,ON,False
2024-11-17 20:35:54,1,2160,ON,False
2024-11-17 20:35:54,2,1646,ON,False
2024-11-17 20:35:54,1,2160,ON,False
2024-11-17 20:35:54,2,1646,ON,False
2024-11-17 20:36:06,1,2143,ON,False
2024-11-17 20:36:06,2,1646,ON,False
2024-11-17 20:36:06,1,2143,ON,False
2024-11-17 20:36:06,2,1646,ON,False
2024-11-17 20:36:52,1,2141,ON,False
2024-11-17 20:36:52,2,1646,ON,False
2024-11-17 20:36:52,1,2141,ON,False
2024-11-17 20:36:52,2,1646,ON,False
2024-11-17 20:36:54,1,2141,ON,False
2024-11-17 20:36:54,2,1646,ON,False
2024-11-17 20:36:54,1,2141,ON,False
2024-11-17 20:36:54,2,1646,ON,False
2024-11-17 20:36:56,1,2157,ON,False
2024-11-17 20:36:56,2,1646,ON,False
2024-11-17 20:36:56,1,2157,ON,False
2024-11-17 20:36:56,2,1646,ON,False
2024-11-17 20:37:02,1,2144,ON,False
2024-11-17 20:37:02,2,1645,ON,False
2024-11-17 20:37:02,1,2144,ON,False
2024-11-17 20:37:02,2,1645,ON,False
2024-11-17 20:37:07,1,2139,ON,False
2024-11-17 20:37:07,2,1647,ON,False
2024-11-17 20:37:07,1,2139,ON,False
2024-11-17 20:37:07,2,1647,ON,False
2024-11-17 20:37:12,1,2148,ON,False
2024-11-17 20:37:12,2,1644,ON,False
2024-11-17 20:37:12,1,2148,ON,False
2024-11-17 20:37:12,2,1644,ON,False
2024-11-17 20:37:17,1,2147,ON,False
2024-11-17 20:37:17,2,1646,ON,False
2024-11-17 20:37:17,1,2147,ON,False
2024-11-17 20:37:17,2,1646,ON,False
2024-11-17 20:37:23,1,2159,ON,False
2024-11-17 20:37:23,2,1647,ON,False
2024-11-17 20:37:23,1,2159,ON,False
2024-11-17 20:37:23,2,1647,ON,False
2024-11-17 20:37:27,1,2144,ON,False
2024-11-17 20:37:27,2,1644,ON,False
2024-11-17 20:37:27,1,2144,ON,False
2024-11-17 20:37:27,2,1644,ON,False
2024-11-17 20:37:32,1,2143,ON,False
2024-11-17 20:37:32,2,1652,ON,False
2024-11-17 20:37:32,1,2143,ON,False
2024-11-17 20:37:32,2,1652,ON,False
2024-11-17 20:37:37,1,2149,ON,False
2024-11-17 20:37:37,2,1648,ON,False
2024-11-17 20:37:37,1,2149,ON,False
2024-11-17 20:37:37,2,1648,ON,False
2024-11-17 20:37:41,1,2151,ON,False
2024-11-17 20:37:41,2,1648,ON,False
2024-11-17 20:37:41,1,2151,ON,False
2024-11-17 20:37:41,2,1648,ON,False
2024-11-17 20:37:46,1,2139,ON,False
2024-11-17 20:37:46,2,1651,ON,False
2024-11-17 20:37:46,1,2139,ON,False
2024-11-17 20:37:46,2,1651,ON,False
2024-11-17 20:37:51,1,2142,ON,False
2024-11-17 20:37:51,2,1652,ON,False
2024-11-17 20:37:51,1,2142,ON,False
2024-11-17 20:37:51,2,1652,ON,False
2024-11-17 20:37:56,1,2126,ON,False
2024-11-17 20:37:56,2,1651,ON,False
2024-11-17 20:37:56,1,2126,ON,False
2024-11-17 20:37:56,2,1651,ON,False
2024-11-17 20:38:02,1,2145,ON,False
2024-11-17 20:38:02,2,1655,ON,False
2024-11-17 20:38:02,1,2145,ON,False
2024-11-17 20:38:02,2,1655,ON,False
2024-11-17 20:38:07,1,2151,ON,False
2024-11-17 20:38:07,2,1648,ON,False
2024-11-17 20:38:07,1,2151,ON,False
2024-11-17 20:38:07,2,1655,ON,False
2024-11-17 20:38:12,1,2128,ON,False
2024-11-17 20:38:12,2,1655,ON,False
2024-11-17 20:38:12,1,2128,ON,False
2024-11-17 20:38:12,2,1655,ON,False
2024-11-17 20:38:17,1,2170,ON,False
2024-11-17 20:38:17,2,1666,ON,False
2024-11-17 20:38:17,1,2170,ON,False
2024-11-17 20:38:17,2,1666,ON,False
2024-11-17 20:38:22,1,2142,ON,False
2024-11-17 20:38:22,2,1650,ON,False
2024-11-17 20:38:22,1,2142,ON,False
2024-11-17 20:38:22,2,1650,ON,False
2024-11-17 20:38:27,1,2187,ON,False
2024-11-17 20:38:27,2,1678,ON,False
2024-11-17 20:38:27,1,2187,ON,False
2024-11-17 20:38:27,2,1678,ON,False
2024-11-17 20:38:32,1,2139,ON,False
2024-11-17 20:38:32,2,1649,ON,False
2024-11-17 20:38:32,1,2139,ON,False
2024-11-17 20:38:32,2,1649,ON,False
2024-11-17 20:38:37,1,2149,ON,False
2024-11-17 20:38:37,2,1654,ON,False
2024-11-17 20:38:37,1,2149,ON,False
2024-11-17 20:38:37,2,1654,ON,False
2024-11-17 20:38:41,1,2147,ON,False
2024-11-17 20:38:41,2,1650,ON,False
2024-11-17 20:38:41,1,2147,ON,False
2024-11-17 20:38:41,2,1650,ON,False
2024-11-17 20:38:46,1,2147,ON,False
2024-11-17 20:38:46,2,1643,ON,False
2024-11-17 20:38:46,1,2147,ON,False
2024-11-17 20:38:46,2,1643,ON,False
2024-11-17 20:38:47,1,2147,ON,False
2024-11-17 20:38:47,2,1643,ON,False
2024-11-17 20:38:47,1,2147,ON,False
2024-11-17 20:38:47,2,1643,ON,False
2024-11-17 20:38:52,1,2119,ON,False
2024-11-17 20:38:52,2,1653,ON,False
2024-11-17 20:38:52,1,2119,ON,False
2024-11-17 20:38:52,2,1653,ON,False
2024-11-17 20:38:58,1,2134,ON,False
2024-11-17 20:38:58,2,1657,ON,False
2024-11-17 20:38:58,1,2134,ON,False
2024-11-17 20:38:58,2,1657,ON,False
2024-11-17 20:39:03,1,2114,ON,False
2024-11-17 20:39:03,2,1655,ON,False
2024-11-17 20:39:03,1,2114,ON,False
2024-11-17 20:39:03,2,1655,ON,False
2024-11-17 20:39:08,1,2134,ON,False
2024-11-17 20:39:08,2,1650,ON,False
2024-11-17 20:39:08,1,2134,ON,False
2024-11-17 20:39:08,2,1650,ON,False
2024-11-17 20:39:13,1,2142,ON,False
2024-11-17 20:39:13,2,1653,ON,False
2024-11-17 20:39:13,1,2142,ON,False
2024-11-17 20:39:13,2,1653,ON,False
2024-11-17 20:39:18,1,2142,ON,False
2024-11-17 20:39:18,2,1653,ON,False
2024-11-17 20:39:18,1,2142,ON,False
2024-11-17 20:39:18,2,1653,ON,False
2024-11-17 20:39:23,1,2154,ON,False
2024-11-17 20:39:23,2,1663,ON,False
2024-11-17 20:39:23,1,2154,ON,False
2024-11-17 20:39:23,2,1663,ON,False
2024-11-17 20:39:28,1,2131,ON,False
2024-11-17 20:39:28,2,1649,ON,False
2024-11-17 20:39:28,1,2131,ON,False
2024-11-17 20:39:28,2,1649,ON,False
2024-11-17 20:39:33,1,2129,ON,False
2024-11-17 20:39:33,2,1659,ON,False
2024-11-17 20:39:33,1,2129,ON,False
2024-11-17 20:39:33,2,1659,ON,False
2024-11-17 20:39:37,1,2135,ON,False
2024-11-17 20:39:37,2,1650,ON,False
2024-11-17 20:39:37,1,2135,ON,False
2024-11-17 20:39:37,2,1650,ON,False
2024-11-17 20:39:41,1,2136,ON,False
2024-11-17 20:39:41,2,1654,ON,False
2024-11-17 20:39:46,1,2114,ON,False
2024-11-17 20:39:46,2,1652,ON,False
2024-11-17 20:39:48,1,2130,ON,False
2024-11-17 20:39:48,2,1650,ON,False
2024-11-17 20:39:48,1,2130,ON,False
2024-11-17 20:39:48,2,1650,ON,False
2024-11-17 20:39:51,1,2133,ON,False
2024-11-17 20:39:51,2,1654,ON,False
2024-11-17 20:39:52,1,2129,ON,False
2024-11-17 20:39:52,2,1651,ON,False
2024-11-17 20:39:53,1,2129,ON,False
2024-11-17 20:39:53,2,1651,ON,False
2024-11-17 20:39:58,1,2144,ON,False
2024-11-17 20:39:58,2,1651,ON,False
2024-11-17 20:39:58,1,2131,ON,False
2024-11-17 20:39:58,2,1651,ON,False
2024-11-17 20:40:03,1,2134,ON,False
2024-11-17 20:40:03,2,1655,ON,False
2024-11-17 20:40:03,1,2134,ON,False
2024-11-17 20:40:03,2,1655,ON,False
2024-11-17 20:40:08,1,2132,ON,False
2024-11-17 20:40:08,2,1654,ON,False
2024-11-17 20:40:08,1,2132,ON,False
2024-11-17 20:40:08,2,1654,ON,False
2024-11-17 20:40:13,1,2137,ON,False
2024-11-17 20:40:13,2,1605,ON,False
2024-11-17 20:40:13,1,2137,ON,False
2024-11-17 20:40:13,2,1605,ON,False
2024-11-17 20:40:18,1,2131,ON,False
2024-11-17 20:40:18,2,1605,ON,False
2024-11-17 20:40:18,1,2131,ON,False
2024-11-17 20:40:18,2,1605,ON,False
2024-11-17 20:40:23,1,2151,ON,False
2024-11-17 20:40:23,2,1673,ON,False
2024-11-17 20:40:23,1,2151,ON,False
2024-11-17 20:40:23,2,1673,ON,False
2024-11-17 20:40:28,1,2135,ON,False
2024-11-17 20:40:28,2,1649,ON,False
2024-11-17 20:40:28,1,2135,ON,False
2024-11-17 20:40:28,2,1649,ON,False
2024-11-17 20:40:33,1,2116,ON,False
2024-11-17 20:40:33,2,1652,ON,False
2024-11-17 20:40:33,1,2116,ON,False
2024-11-17 20:40:33,2,1652,ON,False
2024-11-17 20:40:38,1,2150,ON,False
2024-11-17 20:40:38,2,1648,ON,False
2024-11-17 20:40:38,1,2150,ON,False
2024-11-17 20:40:38,2,1648,ON,False
2024-11-17 20:40:43,1,2122,ON,False
2024-11-17 20:40:43,2,1648,ON,False
2024-11-17 20:40:43,1,2122,ON,False
2024-11-17 20:40:43,2,1650,ON,False
2024-11-17 20:40:48,1,2122,ON,False
2024-11-17 20:40:48,2,1641,ON,False
2024-11-17 20:40:48,1,2122,ON,False
2024-11-17 20:40:48,2,1641,ON,False
2024-11-17 20:40:53,1,2163,ON,False
2024-11-17 20:40:53,2,1645,ON,False
2024-11-17 20:40:53,1,2163,ON,False
2024-11-17 20:40:53,2,1645,ON,False
2024-11-17 20:41:06,1,2160,ON,False
2024-11-17 20:41:06,2,1623,ON,False
2024-11-17 20:41:06,1,2160,ON,False
2024-11-17 20:41:06,2,1623,ON,False
2024-11-17 20:41:17,1,2098,ON,False
2024-11-17 20:41:17,2,1643,ON,False
2024-11-17 20:41:17,1,2098,ON,False
2024-11-17 20:41:17,2,1643,ON,False
2024-11-17 20:41:17,1,2098,ON,False
2024-11-17 20:41:17,2,1643,ON,False
2024-11-17 20:41:17,1,2098,ON,False
2024-11-17 20:41:17,2,1643,ON,False
2024-11-17 20:41:22,1,2143,ON,False
2024-11-17 20:41:22,2,1653,ON,False
2024-11-17 20:41:22,1,2143,ON,False
2024-11-17 20:41:22,2,1653,ON,False
2024-11-17 20:41:28,1,2091,ON,False
2024-11-17 20:41:28,2,1646,ON,False
2024-11-17 20:41:28,1,2091,ON,False
2024-11-17 20:41:28,2,1646,ON,False
2024-11-17 20:41:30,1,2091,ON,False
2024-11-17 20:41:30,2,1622,ON,False
2024-11-17 20:41:30,1,2091,ON,False
2024-11-17 20:41:30,2,1603,ON,False
2024-11-17 20:41:30,1,2091,ON,False
2024-11-17 20:41:30,2,1603,ON,False
2024-11-17 20:41:35,1,2042,ON,False
2024-11-17 20:41:35,2,1634,ON,False
2024-11-17 20:41:35,1,2042,ON,False
2024-11-17 20:41:35,2,1634,ON,False
2024-11-17 20:41:35,1,2045,ON,False
2024-11-17 20:41:35,2,1634,ON,False
2024-11-17 20:41:41,1,2064,ON,False
2024-11-17 20:41:41,2,1649,ON,False
2024-11-17 20:41:41,1,2064,ON,False
2024-11-17 20:41:41,2,1649,ON,False
2024-11-17 20:41:41,1,2064,ON,False
2024-11-17 20:41:41,2,1649,ON,False
2024-11-17 20:41:46,1,2064,ON,False
2024-11-17 20:41:46,2,1653,ON,False
2024-11-17 20:41:46,1,2064,ON,False
2024-11-17 20:41:46,2,1653,ON,False
2024-11-17 20:41:46,1,2064,ON,False
2024-11-17 20:41:46,2,1653,ON,False
2024-11-17 20:41:51,1,2057,ON,False
2024-11-17 20:41:51,2,1651,ON,False
2024-11-17 20:41:51,1,2057,ON,False
2024-11-17 20:41:51,2,1651,ON,False
2024-11-17 20:41:51,1,2057,ON,False
2024-11-17 20:41:51,2,1651,ON,False
2024-11-17 20:41:56,1,2059,ON,False
2024-11-17 20:41:56,2,1652,ON,False
2024-11-17 20:41:56,1,2059,ON,False
2024-11-17 20:41:56,2,1652,ON,False
2024-11-17 20:41:56,1,2059,ON,False
2024-11-17 20:41:56,2,1652,ON,False
2024-11-17 20:42:01,1,1992,ON,False
2024-11-17 20:42:01,2,1587,ON,False
2024-11-17 20:42:01,1,1992,ON,False
2024-11-17 20:42:01,2,1587,ON,False
2024-11-17 20:42:01,1,1992,ON,False
2024-11-17 20:42:01,2,1587,ON,False
2024-11-17 20:42:06,1,2061,ON,False
2024-11-17 20:42:06,2,1661,ON,False
2024-11-17 20:42:06,1,2061,ON,False
2024-11-17 20:42:06,2,1661,ON,False
2024-11-17 20:42:06,1,2061,ON,False
2024-11-17 20:42:06,2,1661,ON,False
2024-11-17 20:42:11,1,2057,ON,False
2024-11-17 20:42:11,2,1649,ON,False
2024-11-17 20:42:11,1,2057,ON,False
2024-11-17 20:42:11,2,1649,ON,False
2024-11-17 20:42:11,1,2057,ON,False
2024-11-17 20:42:11,2,1649,ON,False
2024-11-17 20:42:16,1,2059,ON,False
2024-11-17 20:42:16,2,1650,ON,False
2024-11-17 20:42:16,1,2059,ON,False
2024-11-17 20:42:16,2,1650,ON,False
2024-11-17 20:42:16,1,2059,ON,False
2024-11-17 20:42:16,2,1650,ON,False
2024-11-17 20:42:21,1,2055,ON,False
2024-11-17 20:42:21,2,1649,ON,False
2024-11-17 20:42:21,1,2055,ON,False
2024-11-17 20:42:21,2,1649,ON,False
2024-11-17 20:42:21,1,2055,ON,False
2024-11-17 20:42:21,2,1649,ON,False
2024-11-17 20:42:26,1,2058,ON,False
2024-11-17 20:42:26,2,1649,ON,False
2024-11-17 20:42:26,1,2058,ON,False
2024-11-17 20:42:26,2,1649,ON,False
2024-11-17 20:42:26,1,2058,ON,False
2024-11-17 20:42:26,2,1649,ON,False
2024-11-17 20:42:31,1,1871,ON,False
2024-11-17 20:42:31,2,1653,ON,False
2024-11-17 20:42:31,1,1871,ON,False
2024-11-17 20:42:31,2,1653,ON,False
2024-11-17 20:42:31,1,1871,ON,False
2024-11-17 20:42:31,2,1653,ON,False
2024-11-17 20:42:36,1,2065,ON,False
2024-11-17 20:42:36,2,1652,ON,False
2024-11-17 20:42:36,1,2065,ON,False
2024-11-17 20:42:36,2,1652,ON,False
2024-11-17 20:42:36,1,2065,ON,False
2024-11-17 20:42:36,2,1652,ON,False
2024-11-17 20:43:06,1,2062,ON,False
2024-11-17 20:43:06,2,1648,ON,False
2024-11-17 20:43:06,1,2062,ON,False
2024-11-17 20:43:06,2,1648,ON,False
2024-11-17 20:43:06,1,2062,ON,False
2024-11-17 20:43:06,2,1648,ON,False
2024-11-17 20:44:06,1,2064,ON,False
2024-11-17 20:44:06,2,1644,ON,False
2024-11-17 20:44:06,1,2064,ON,False
2024-11-17 20:44:06,2,1644,ON,False
2024-11-17 20:44:06,1,2064,ON,False
2024-11-17 20:44:06,2,1644,ON,False
2024-11-17 20:44:11,1,2093,ON,False
2024-11-17 20:44:11,2,1665,ON,False
2024-11-17 20:44:11,1,2093,ON,False
2024-11-17 20:44:11,2,1665,ON,False
2024-11-17 20:44:11,1,2093,ON,False
2024-11-17 20:44:11,2,1665,ON,False
2024-11-17 20:44:13,1,2058,ON,False
2024-11-17 20:44:13,2,1643,ON,False
2024-11-17 20:44:13,1,2058,ON,False
2024-11-17 20:44:13,2,1643,ON,False
2024-11-17 20:44:13,1,2058,ON,False
2024-11-17 20:44:13,2,1643,ON,False
2024-11-17 20:44:18,1,2073,ON,False
2024-11-17 20:44:18,2,1633,ON,False
2024-11-17 20:44:18,1,2073,ON,False
2024-11-17 20:44:18,2,1633,ON,False
2024-11-17 20:44:18,1,2073,ON,False
2024-11-17 20:44:18,2,1633,ON,False
2024-11-17 20:44:23,1,2067,ON,False
2024-11-17 20:44:23,2,1633,ON,False
2024-11-17 20:44:23,1,2067,ON,False
2024-11-17 20:44:23,2,1633,ON,False
2024-11-17 20:44:23,1,2067,ON,False
2024-11-17 20:44:23,2,1633,ON,False
2024-11-17 20:44:29,1,2070,ON,False
2024-11-17 20:44:29,2,1648,ON,False
2024-11-17 20:44:29,1,2070,ON,False
2024-11-17 20:44:29,2,1648,ON,False
2024-11-17 20:44:29,1,2070,ON,False
2024-11-17 20:44:29,2,1648,ON,False
2024-11-17 20:44:34,1,2069,ON,False
2024-11-17 20:44:34,2,1645,ON,False
2024-11-17 20:44:34,1,2069,ON,False
2024-11-17 20:44:34,2,1645,ON,False
2024-11-17 20:44:34,1,2069,ON,False
2024-11-17 20:44:34,2,1645,ON,False
2024-11-17 20:44:39,1,2066,ON,False
2024-11-17 20:44:39,2,1649,ON,False
2024-11-17 20:44:39,1,2066,ON,False
2024-11-17 20:44:39,2,1649,ON,False
2024-11-17 20:44:39,1,2066,ON,False
2024-11-17 20:44:39,2,1649,ON,False
2024-11-17 20:44:44,1,2083,ON,False
2024-11-17 20:44:44,2,1649,ON,False
2024-11-17 20:44:44,1,2083,ON,False
2024-11-17 20:44:44,2,1649,ON,False
2024-11-17 20:44:44,1,2083,ON,False
2024-11-17 20:44:44,2,1649,ON,False
2024-11-17 20:44:49,1,2075,ON,False
2024-11-17 20:44:49,2,1646,ON,False
2024-11-17 20:44:49,1,2075,ON,False
2024-11-17 20:44:49,2,1646,ON,False
2024-11-17 20:44:49,1,2075,ON,False
2024-11-17 20:44:49,2,1646,ON,False
2024-11-17 20:44:54,1,2064,ON,False
2024-11-17 20:44:54,2,1647,ON,False
2024-11-17 20:44:54,1,2064,ON,False
2024-11-17 20:44:54,2,1647,ON,False
2024-11-17 20:44:54,1,2064,ON,False
2024-11-17 20:44:54,2,1647,ON,False
2024-11-17 20:44:58,1,2083,ON,False
2024-11-17 20:44:58,2,1647,ON,False
2024-11-17 20:44:58,1,2083,ON,False
2024-11-17 20:44:58,2,1647,ON,False
2024-11-17 20:44:58,1,2083,ON,False
2024-11-17 20:44:58,2,1647,ON,False
2024-11-17 20:46:38,1,2074,ON,False
2024-11-17 20:46:38,2,1638,ON,False
2024-11-17 20:46:38,1,2074,ON,False
2024-11-17 20:46:38,2,1659,ON,False
2024-11-17 20:46:38,1,2074,ON,False
2024-11-17 20:46:38,2,1659,ON,False
2024-11-17 20:46:43,1,2054,ON,False
2024-11-17 20:46:43,2,1642,ON,False
2024-11-17 20:46:44,1,2054,ON,False
2024-11-17 20:46:44,2,1642,ON,False
2024-11-17 20:46:44,1,2054,ON,False
2024-11-17 20:46:44,2,1642,ON,False
2024-11-17 20:46:48,1,2066,ON,False
2024-11-17 20:46:48,2,1656,ON,False
2024-11-17 20:46:49,1,2043,ON,False
2024-11-17 20:46:49,2,1642,ON,False
2024-11-17 20:46:49,1,2043,ON,False
2024-11-17 20:46:49,2,1642,ON,False
2024-11-17 20:46:53,1,1934,ON,False
2024-11-17 20:46:53,2,1638,ON,False
2024-11-17 20:46:54,1,1934,ON,False
2024-11-17 20:46:54,2,1638,ON,False
2024-11-17 20:46:54,1,1934,ON,False
2024-11-17 20:46:54,2,1638,ON,False
2024-11-17 20:46:58,1,2065,ON,False
2024-11-17 20:46:58,2,1621,ON,False
2024-11-17 20:46:59,1,2065,ON,False
2024-11-17 20:46:59,2,1621,ON,False
2024-11-17 20:46:59,1,2065,ON,False
2024-11-17 20:46:59,2,1621,ON,False
2024-11-17 20:47:03,1,2061,ON,False
2024-11-17 20:47:03,2,1639,ON,False
2024-11-17 20:47:04,1,2086,ON,False
2024-11-17 20:47:04,2,1651,ON,False
2024-11-17 20:47:04,1,2086,ON,False
2024-11-17 20:47:04,2,1651,ON,False
2024-11-17 20:47:08,1,2066,ON,False
2024-11-17 20:47:08,2,1610,ON,False
2024-11-17 20:47:09,1,2064,ON,False
2024-11-17 20:47:09,2,1648,ON,False
2024-11-17 20:47:09,1,2064,ON,False
2024-11-17 20:47:09,2,1648,ON,False
2024-11-17 20:47:13,1,2071,ON,False
2024-11-17 20:47:13,2,1648,ON,False
2024-11-17 20:47:14,1,2071,ON,False
2024-11-17 20:47:14,2,1643,ON,False
2024-11-17 20:47:14,1,2071,ON,False
2024-11-17 20:47:14,2,1643,ON,False
2024-11-17 20:47:18,1,2065,ON,False
2024-11-17 20:47:18,2,1641,ON,False
2024-11-17 20:47:19,1,2066,ON,False
2024-11-17 20:47:19,2,1652,ON,False
2024-11-17 20:47:19,1,2066,ON,False
2024-11-17 20:47:19,2,1652,ON,False
2024-11-17 20:47:23,1,2070,ON,False
2024-11-17 20:47:23,2,1655,ON,False
2024-11-17 20:47:24,1,2064,ON,False
2024-11-17 20:47:24,2,1650,ON,False
2024-11-17 20:47:24,1,2064,ON,False
2024-11-17 20:47:24,2,1650,ON,False
2024-11-17 20:47:28,1,2064,ON,False
2024-11-17 20:47:28,2,1648,ON,False
2024-11-17 20:47:29,1,2065,ON,False
2024-11-17 20:47:29,2,1647,ON,False
2024-11-17 20:47:29,1,2065,ON,False
2024-11-17 20:47:29,2,1647,ON,False
2024-11-17 20:47:33,1,2067,ON,False
2024-11-17 20:47:33,2,1648,ON,False
2024-11-17 20:47:34,1,2059,ON,False
2024-11-17 20:47:34,2,1650,ON,False
2024-11-17 20:47:34,1,2059,ON,False
2024-11-17 20:47:34,2,1650,ON,False
2024-11-17 20:47:38,1,2047,ON,False
2024-11-17 20:47:38,2,1630,ON,False
2024-11-17 20:47:39,1,2052,ON,False
2024-11-17 20:47:39,2,1630,ON,False
2024-11-17 20:47:39,1,2052,ON,False
2024-11-17 20:47:39,2,1630,ON,False
2024-11-17 20:48:03,1,101,OFF,False
2024-11-17 20:48:03,2,1635,ON,False
2024-11-17 20:48:03,1,101,OFF,False
2024-11-17 20:48:03,2,1635,ON,False
2024-11-17 20:48:03,1,101,OFF,False
2024-11-17 20:48:03,2,1635,ON,False
2024-11-17 20:48:20,1,2064,ON,False
2024-11-17 20:48:20,2,1637,ON,False
2024-11-17 20:48:20,1,2064,ON,False
2024-11-17 20:48:20,2,1637,ON,False
2024-11-17 20:48:26,1,2066,ON,False
2024-11-17 20:48:26,2,1645,ON,False
2024-11-17 20:48:26,1,2066,ON,False
2024-11-17 20:48:26,2,1645,ON,False
2024-11-17 20:48:31,1,2064,ON,False
2024-11-17 20:48:31,2,1643,ON,False
2024-11-17 20:48:31,1,2064,ON,False
2024-11-17 20:48:31,2,1643,ON,False
2024-11-17 20:48:36,1,2072,ON,False
2024-11-17 20:48:36,2,1648,ON,False
2024-11-17 20:48:36,1,2072,ON,False
2024-11-17 20:48:36,2,1648,ON,False
2024-11-17 20:48:41,1,2085,ON,False
2024-11-17 20:48:41,2,1657,ON,False
2024-11-17 20:48:41,1,2085,ON,False
2024-11-17 20:48:41,2,1657,ON,False
2024-11-17 20:53:58,1,2066,ON,False
2024-11-17 20:53:58,2,1641,ON,False
2024-11-17 20:53:58,1,2066,ON,False
2024-11-17 20:53:58,2,1641,ON,False
2024-11-17 20:54:00,1,2064,ON,False
2024-11-17 20:54:00,2,1646,ON,False
2024-11-17 20:54:04,1,2067,ON,False
2024-11-17 20:54:04,2,1641,ON,False
2024-11-17 20:54:04,1,2067,ON,False
2024-11-17 20:54:04,2,1641,ON,False
2024-11-17 20:54:09,1,2065,ON,False
2024-11-17 20:54:09,2,1643,ON,False
2024-11-17 20:54:09,1,2065,ON,False
2024-11-17 20:54:09,2,1643,ON,False
2024-11-17 20:54:14,1,2069,ON,False
2024-11-17 20:54:14,2,1645,ON,False
2024-11-17 20:54:14,1,2069,ON,False
2024-11-17 20:54:14,2,1645,ON,False
2024-11-17 20:54:19,1,2072,ON,False
2024-11-17 20:54:19,2,1648,ON,False
2024-11-17 20:54:19,1,2072,ON,False
2024-11-17 20:54:19,2,1648,ON,False
2024-11-17 20:54:24,1,2065,ON,False
2024-11-17 20:54:24,2,1648,ON,False
2024-11-17 20:54:24,1,2065,ON,False
2024-11-17 20:54:24,2,1648,ON,False
2024-11-17 20:54:29,1,2070,ON,False
2024-11-17 20:54:29,2,1638,ON,False
2024-11-17 20:54:29,1,2070,ON,False
2024-11-17 20:54:29,2,1638,ON,False
2024-11-17 20:54:34,1,2082,ON,False
2024-11-17 20:54:34,2,1649,ON,False
2024-11-17 20:54:34,1,2082,ON,False
2024-11-17 20:54:34,2,1649,ON,False
2024-11-17 20:54:39,1,2081,ON,False
2024-11-17 20:54:39,2,1655,ON,False
2024-11-17 20:54:39,1,2081,ON,False
2024-11-17 20:54:39,2,1655,ON,False
2024-11-17 20:54:44,1,2066,ON,False
2024-11-17 20:54:44,2,1641,ON,False
2024-11-17 20:54:44,1,2066,ON,False
2024-11-17 20:54:44,2,1641,ON,False
2024-11-17 20:54:49,1,2083,ON,False
2024-11-17 20:54:49,2,1648,ON,False
2024-11-17 20:54:49,1,2083,ON,False
2024-11-17 20:54:49,2,1648,ON,False
2024-11-17 20:54:54,1,2054,ON,False
2024-11-17 20:54:54,2,1636,ON,False
2024-11-17 20:54:54,1,2054,ON,False
2024-11-17 20:54:54,2,1636,ON,False
2024-11-17 20:54:59,1,2058,ON,False
2024-11-17 20:54:59,2,1638,ON,False
2024-11-17 20:54:59,1,2058,ON,False
2024-11-17 20:54:59,2,1638,ON,False
2024-11-17 20:55:06,1,2060,ON,False
2024-11-17 20:55:06,2,1638,ON,False
2024-11-17 20:55:06,1,2060,ON,False
2024-11-17 20:55:06,2,1638,ON,False
2024-11-17 20:55:11,1,2053,ON,False
2024-11-17 20:55:11,2,1632,ON,False
2024-11-17 20:55:11,1,2053,ON,False
2024-11-17 20:55:11,2,1632,ON,False
2024-11-17 20:55:13,1,2047,ON,False
2024-11-17 20:55:13,2,1631,ON,False
2024-11-17 20:55:18,1,2081,ON,False
2024-11-17 20:55:18,2,1653,ON,False
2024-11-17 20:57:07,1,2046,ON,False
2024-11-17 20:57:07,2,1627,ON,False
2024-11-17 20:57:13,1,2055,ON,False
2024-11-17 20:57:13,2,1634,ON,False
2024-11-17 20:57:17,1,2039,ON,False
2024-11-17 20:57:17,2,1626,ON,False
2024-11-17 20:57:22,1,2081,ON,False
2024-11-17 20:57:22,2,1659,ON,False
2024-11-17 20:57:27,1,2047,ON,False
2024-11-17 20:57:27,2,1655,ON,False
2024-11-17 20:57:33,1,2037,ON,False
2024-11-17 20:57:33,2,1627,ON,False
2024-11-17 20:57:38,1,2029,ON,False
2024-11-17 20:57:38,2,1574,ON,False
2024-11-17 20:57:42,1,2083,ON,False
2024-11-17 20:57:42,2,1655,ON,False
2024-11-17 20:57:48,1,2000,ON,False
2024-11-17 20:57:48,2,1605,ON,False
2024-11-17 20:57:53,1,2000,ON,False
2024-11-17 20:57:53,2,1595,ON,False
2024-11-17 20:57:58,1,2041,ON,False
2024-11-17 20:57:58,2,1632,ON,False
2024-11-17 20:58:03,1,2061,ON,False
2024-11-17 20:58:03,2,1642,ON,False
2024-11-17 20:58:08,1,2064,ON,False
2024-11-17 20:58:08,2,1644,ON,False
2024-11-17 20:58:13,1,2064,ON,False
2024-11-17 20:58:13,2,1642,ON,False
2024-11-17 20:58:18,1,2064,ON,False
2024-11-17 20:58:18,2,1642,ON,False
2024-11-17 20:58:23,1,2058,ON,False
2024-11-17 20:58:23,2,1639,ON,False
2024-11-17 20:58:28,1,2064,ON,False
2024-11-17 20:58:28,2,1648,ON,False
2024-11-17 20:58:39,1,2063,ON,False
2024-11-17 20:58:39,2,1645,ON,False
2024-11-17 20:58:41,1,2063,ON,False
2024-11-17 20:58:41,2,1639,ON,False
2024-11-17 20:58:46,1,2061,ON,False
2024-11-17 20:58:46,2,1645,ON,False
2024-11-17 20:58:51,1,2064,ON,False
2024-11-17 20:58:51,2,1642,ON,False
2024-11-17 20:58:56,1,2057,ON,False
2024-11-17 20:58:56,2,1642,ON,False
2024-11-17 20:59:02,1,2064,ON,False
2024-11-17 20:59:02,2,1646,ON,False
2024-11-17 20:59:07,1,2064,ON,False
2024-11-17 20:59:07,2,1638,ON,False
2024-11-17 20:59:11,1,2080,ON,False
2024-11-17 20:59:11,2,1639,ON,False
2024-11-17 20:59:17,1,2065,ON,False
2024-11-17 20:59:17,2,1641,ON,False
2024-11-17 20:59:22,1,2059,ON,False
2024-11-17 20:59:22,2,1643,ON,False
2024-11-17 20:59:26,1,2064,ON,False
2024-11-17 20:59:26,2,1646,ON,False
2024-11-17 20:59:31,1,2059,ON,False
2024-11-17 20:59:31,2,1645,ON,False
2024-11-17 20:59:36,1,2054,ON,False
2024-11-17 20:59:36,2,1637,ON,False
2024-11-17 20:59:41,1,2064,ON,False
2024-11-17 20:59:41,2,1639,ON,False
2024-11-17 20:59:47,1,2063,ON,False
2024-11-17 20:59:47,2,1643,ON,False
2024-11-17 20:59:52,1,2061,ON,False
2024-11-17 20:59:52,2,1635,ON,False
2024-11-17 20:59:57,1,2066,ON,False
2024-11-17 20:59:57,2,1642,ON,False
2024-11-17 21:00:02,1,2061,ON,False
2024-11-17 21:00:02,2,1634,ON,False
2024-11-17 21:00:07,1,2061,ON,False
2024-11-17 21:00:07,2,1637,ON,False
2024-11-17 21:00:12,1,2057,ON,False
2024-11-17 21:00:12,2,1637,ON,False
2024-11-17 21:00:17,1,2047,ON,False
2024-11-17 21:00:17,2,1642,ON,False
2024-11-17 21:00:21,1,2064,ON,False
2024-11-17 21:00:21,2,1633,ON,False
2024-11-17 21:01:55,1,2059,ON,False
2024-11-17 21:01:55,2,1645,ON,False
2024-11-17 21:02:00,1,2057,ON,False
2024-11-17 21:02:00,2,1638,ON,False
2024-11-17 21:02:06,1,2060,ON,False
2024-11-17 21:02:06,2,1638,ON,False
2024-11-17 21:02:11,1,2059,ON,False
2024-11-17 21:02:11,2,1643,ON,False
2024-11-17 21:02:15,1,2065,ON,False
2024-11-17 21:02:15,2,1646,ON,False
2024-11-17 21:02:20,1,2064,ON,False
2024-11-17 21:02:20,2,1626,ON,False
2024-11-17 21:02:26,1,2058,ON,False
2024-11-17 21:02:26,2,1630,ON,False
2024-11-17 21:02:31,1,2046,ON,False
2024-11-17 21:02:31,2,1632,ON,False
2024-11-17 21:02:36,1,2059,ON,False
2024-11-17 21:02:36,2,1639,ON,False
2024-11-17 21:02:41,1,2066,ON,False
2024-11-17 21:02:41,2,1644,ON,False
2024-11-17 21:02:46,1,2063,ON,False
2024-11-17 21:02:46,2,1641,ON,False
2024-11-17 21:02:51,1,2061,ON,False
2024-11-17 21:02:51,2,1644,ON,False
2024-11-17 21:02:56,1,2081,ON,False
2024-11-17 21:02:56,2,1660,ON,False
2024-11-17 21:03:01,1,2059,ON,False
2024-11-17 21:03:01,2,1643,ON,False
2024-11-17 21:03:06,1,2063,ON,False
2024-11-17 21:03:06,2,1643,ON,False
2024-11-17 21:03:11,1,2060,ON,False
2024-11-17 21:03:11,2,1642,ON,False
2024-11-17 21:03:13,1,2058,ON,False
2024-11-17 21:03:13,2,1637,ON,False
2024-11-17 21:03:19,1,2054,ON,False
2024-11-17 21:03:19,2,1640,ON,False
2024-11-17 21:03:24,1,2057,ON,False
2024-11-17 21:03:24,2,1642,ON,False
2024-11-17 21:03:29,1,2059,ON,False
2024-11-17 21:03:29,2,1642,ON,False
2024-11-17 21:03:34,1,2062,ON,False
2024-11-17 21:03:34,2,1647,ON,False
2024-11-17 21:03:39,1,2064,ON,False
2024-11-17 21:03:39,2,1641,ON,False
2024-11-17 21:03:44,1,2059,ON,False
2024-11-17 21:03:44,2,1642,ON,False
2024-11-17 21:03:49,1,2061,ON,False
2024-11-17 21:03:49,2,1637,ON,False
2024-11-17 21:03:54,1,2064,ON,False
2024-11-17 21:03:54,2,1647,ON,False
2024-11-17 21:03:59,1,2062,ON,False
2024-11-17 21:03:59,2,1645,ON,False
2024-11-17 21:04:02,1,2062,ON,False
2024-11-17 21:04:02,2,1645,ON,False
2024-11-17 21:04:04,1,2064,ON,False
2024-11-17 21:04:04,2,1659,ON,False
2024-11-17 21:04:08,1,2054,ON,False
2024-11-17 21:04:08,2,1646,ON,False
2024-11-17 21:04:13,1,2058,ON,False
2024-11-17 21:04:13,2,1638,ON,False
2024-11-17 21:04:18,1,2059,ON,False
2024-11-17 21:04:18,2,1645,ON,False
2024-11-17 21:04:23,1,2064,ON,False
2024-11-17 21:04:23,2,1648,ON,False
2024-11-17 21:04:28,1,2064,ON,False
2024-11-17 21:04:28,2,1642,ON,False
2024-11-17 21:04:28,1,2064,ON,False
2024-11-17 21:04:28,2,1642,ON,False
2024-11-17 21:04:34,1,2082,ON,False
2024-11-17 21:04:34,2,1639,ON,False
2024-11-17 21:04:39,1,2061,ON,False
2024-11-17 21:04:39,2,1642,ON,False
2024-11-17 21:04:44,1,2044,ON,False
2024-11-17 21:04:44,2,1641,ON,False
2024-11-17 21:04:49,1,2062,ON,False
2024-11-17 21:04:49,2,1641,ON,False
2024-11-17 21:04:54,1,2064,ON,False
2024-11-17 21:04:54,2,1647,ON,False
2024-11-17 21:04:59,1,2061,ON,False
2024-11-17 21:04:59,2,1645,ON,False
2024-11-17 21:05:04,1,2063,ON,False
2024-11-17 21:05:04,2,1643,ON,False
2024-11-17 21:05:09,1,2059,ON,False
2024-11-17 21:05:09,2,1643,ON,False
2024-11-17 21:05:14,1,2080,ON,False
2024-11-17 21:05:14,2,1691,ON,False
2024-11-17 21:05:19,1,2064,ON,False
2024-11-17 21:05:19,2,1637,ON,False
2024-11-17 21:05:24,1,2078,ON,False
2024-11-17 21:05:24,2,1654,ON,False
2024-11-17 21:05:29,1,2062,ON,False
2024-11-17 21:05:29,2,1645,ON,False
2024-11-17 21:05:53,1,2033,ON,False
2024-11-17 21:05:53,2,1634,ON,False
2024-11-17 21:05:58,1,2079,ON,False
2024-11-17 21:05:58,2,1656,ON,False
2024-11-17 21:06:05,1,2055,ON,False
2024-11-17 21:06:05,2,1638,ON,False
2024-11-17 21:06:09,1,2064,ON,False
2024-11-17 21:06:09,2,1647,ON,False
2024-11-17 21:06:14,1,2058,ON,False
2024-11-17 21:06:14,2,1619,ON,False
2024-11-17 21:06:19,1,2046,ON,False
2024-11-17 21:06:19,2,1620,ON,False
2024-11-17 21:06:24,1,2063,ON,False
2024-11-17 21:06:24,2,1635,ON,False
2024-11-17 21:06:29,1,2064,ON,False
2024-11-17 21:06:29,2,1638,ON,False
2024-11-17 21:06:34,1,2064,ON,False
2024-11-17 21:06:34,2,1642,ON,False
2024-11-17 21:06:39,1,2064,ON,False
2024-11-17 21:06:39,2,1635,ON,False
2024-11-17 21:06:41,1,2070,ON,False
2024-11-17 21:06:41,2,1645,ON,False
2024-11-17 21:06:46,1,2064,ON,False
2024-11-17 21:06:46,2,1645,ON,False
2024-11-17 21:06:51,1,2070,ON,False
2024-11-17 21:06:51,2,1648,ON,False
2024-11-17 21:06:56,1,2064,ON,False
2024-11-17 21:06:56,2,1651,ON,False
2024-11-17 21:07:01,1,2067,ON,False
2024-11-17 21:07:01,2,1645,ON,False
2024-11-17 21:07:06,1,2062,ON,False
2024-11-17 21:07:06,2,1637,ON,False
2024-11-17 21:07:11,1,2066,ON,False
2024-11-17 21:07:11,2,1646,ON,False
2024-11-17 21:07:16,1,2062,ON,False
2024-11-17 21:07:16,2,1639,ON,False
2024-11-17 21:07:21,1,2070,ON,False
2024-11-17 21:07:21,2,1649,ON,False
2024-11-17 21:07:26,1,2057,ON,False
2024-11-17 21:07:26,2,1633,ON,False
2024-11-17 21:07:31,1,2064,ON,False
2024-11-17 21:07:31,2,1634,ON,False
2024-11-17 21:07:36,1,2075,ON,False
2024-11-17 21:07:36,2,1651,ON,False
2024-11-17 21:07:41,1,2077,ON,False
2024-11-17 21:07:41,2,1655,ON,False
2024-11-17 21:08:06,1,2071,ON,False
2024-11-17 21:08:06,2,1648,ON,False
2024-11-17 21:08:11,1,2061,ON,False
2024-11-17 21:08:11,2,1633,ON,False
2024-11-17 21:08:15,1,2088,ON,False
2024-11-17 21:08:15,2,1648,ON,False
2024-11-17 21:08:21,1,2065,ON,False
2024-11-17 21:08:21,2,1649,ON,False
2024-11-17 21:08:26,1,2065,ON,False
2024-11-17 21:08:26,2,1643,ON,False
2024-11-17 21:08:31,1,2064,ON,False
2024-11-17 21:08:31,2,1643,ON,False
2024-11-17 21:08:36,1,2064,ON,False
2024-11-17 21:08:36,2,1647,ON,False
2024-11-17 21:08:41,1,2067,ON,False
2024-11-17 21:08:41,2,1647,ON,False
2024-11-17 21:08:46,1,2068,ON,False
2024-11-17 21:08:46,2,1647,ON,False
2024-11-17 21:08:51,1,2066,ON,False
2024-11-17 21:08:51,2,1646,ON,False
2024-11-17 21:08:56,1,2067,ON,False
2024-11-17 21:08:56,2,1647,ON,False
2024-11-17 21:09:01,1,2075,ON,False
2024-11-17 21:09:01,2,1650,ON,False
2024-11-17 21:09:06,1,2065,ON,False
2024-11-17 21:09:06,2,1648,ON,False
2024-11-17 21:09:11,1,2070,ON,False
2024-11-17 21:09:11,2,1648,ON,False
2024-11-17 21:09:16,1,2066,ON,False
2024-11-17 21:09:16,2,1647,ON,False
2024-11-17 21:10:06,1,2065,ON,False
2024-11-17 21:10:06,2,1646,ON,False
2024-11-17 21:11:06,1,2061,ON,False
2024-11-17 21:11:06,2,1643,ON,False
2024-11-17 21:12:06,1,2060,ON,False
2024-11-17 21:12:06,2,1635,ON,False
2024-11-17 21:12:38,1,2055,ON,False
2024-11-17 21:12:38,2,1631,ON,False
2024-11-17 21:12:40,1,2055,ON,False
2024-11-17 21:12:40,2,1631,ON,False
2024-11-17 21:12:45,1,2047,ON,False
2024-11-17 21:12:45,2,1632,ON,False
2024-11-17 21:14:24,1,1971,ON,False
2024-11-17 21:14:24,2,1638,ON,False
2024-11-17 21:14:29,1,1983,ON,False
2024-11-17 21:14:29,2,1642,ON,False
2024-11-17 21:14:33,1,1974,ON,False
2024-11-17 21:14:33,2,1643,ON,False
2024-11-17 21:14:38,1,1974,ON,False
2024-11-17 21:14:38,2,1641,ON,False
2024-11-17 21:14:43,1,1974,ON,False
2024-11-17 21:14:43,2,1637,ON,False
2024-11-17 21:14:48,1,1979,ON,False
2024-11-17 21:14:48,2,1643,ON,False
2024-11-17 21:14:53,1,1970,ON,False
2024-11-17 21:14:53,2,1641,ON,False
2024-11-17 21:18:58,1,1970,ON,False
2024-11-17 21:18:58,2,1630,ON,False
2024-11-17 21:19:04,1,1971,ON,False
2024-11-17 21:19:04,2,1630,ON,False
2024-11-17 21:19:09,1,1973,ON,False
2024-11-17 21:19:09,2,1629,ON,False
2024-11-17 21:19:14,1,1970,ON,False
2024-11-17 21:19:14,2,1627,ON,False
2024-11-17 21:19:19,1,1968,ON,False
2024-11-17 21:19:19,2,1630,ON,False
2024-11-17 21:19:24,1,0,OFF,False
2024-11-17 21:19:24,2,1595,ON,False
2024-11-17 21:19:29,1,1958,ON,False
2024-11-17 21:19:29,2,1626,ON,False
2024-11-17 21:19:34,1,0,OFF,True
2024-11-17 21:19:34,2,1595,ON,False
2024-11-17 21:19:39,1,0,OFF,True
2024-11-17 21:19:39,2,1585,ON,False
2024-11-17 21:19:44,1,0,OFF,True
2024-11-17 21:19:44,2,1584,ON,False
2024-11-17 21:19:49,1,144,OFF,True
2024-11-17 21:19:49,2,1587,ON,False
2024-11-17 21:19:54,1,1973,ON,True
2024-11-17 21:19:54,2,1629,ON,False
2024-11-17 21:19:59,1,69,OFF,True
2024-11-17 21:19:59,2,1585,ON,False
2024-11-17 21:20:06,1,1956,ON,True
2024-11-17 21:20:06,2,1615,ON,False
2024-11-17 21:20:42,1,336,OFF,True
2024-11-17 21:20:42,2,1648,ON,False
2024-11-17 21:20:43,1,336,OFF,True
2024-11-17 21:20:43,2,1648,ON,False
2024-11-17 21:20:49,1,342,OFF,True
2024-11-17 21:20:49,2,1648,ON,False
2024-11-17 21:20:54,1,479,OFF,True
2024-11-17 21:20:54,2,1642,ON,False
2024-11-17 21:20:58,1,554,DIM,True
2024-11-17 21:20:58,2,1639,ON,False
2024-11-17 21:21:04,1,1324,ON,True
2024-11-17 21:21:04,2,1606,ON,False
2024-11-17 21:21:09,1,1200,ON,True
2024-11-17 21:21:09,2,1643,ON,False
2024-11-17 21:21:14,1,487,OFF,True
2024-11-17 21:21:14,2,1642,ON,False
2024-11-17 21:21:19,1,486,OFF,True
2024-11-17 21:21:19,2,1643,ON,False
2024-11-17 21:21:24,1,486,OFF,True
2024-11-17 21:21:24,2,1645,ON,False
2024-11-17 21:21:29,1,573,DIM,True
2024-11-17 21:21:29,2,1657,ON,False
2024-11-17 21:21:34,1,567,DIM,False
2024-11-17 21:21:34,2,1657,ON,False
2024-11-17 21:21:39,1,559,DIM,False
2024-11-17 21:21:39,2,1654,ON,False
2024-11-17 21:21:44,1,561,DIM,False
2024-11-17 21:21:44,2,1655,ON,False
2024-11-17 21:21:49,1,576,DIM,False
2024-11-17 21:21:49,2,1658,ON,False
2024-11-17 21:21:54,1,573,DIM,False
2024-11-17 21:21:54,2,1662,ON,False
2024-11-17 21:21:59,1,578,DIM,False
2024-11-17 21:21:59,2,1648,ON,False
2024-11-17 21:22:06,1,583,DIM,False
2024-11-17 21:22:06,2,1657,ON,False
